Dataset,CaseId,CaseIndex,Modes,N,SigmaAbs,AbsoluteFraction,Relative,Rho,Offset,Drift,Forward,Panel,Replicate,Seed,RelativeL2,TotalN_cm3,TotalRelativeError,ForbiddenN_cm3,GMD_dm_nm,GMD_dst_nm,GSD_dm,GSD_dst,GMD_dm_RelativeError,GMD_dst_RelativeError,GSD_dm_RelativeError,GSD_dst_RelativeError,TrueGMD_dm_nm,TrueGMD_dst_nm,TrueGSD_dm,TrueGSD_dst,Success,Converged,Iterations,Seconds,ObjectiveConverged,DataCompatible,ParameterSelectionValid,Validated,ConstraintViolation,Parameter,Boundary,ReducedChi2,MeasurementRelativeL2,ClippedFraction,QueueSeconds,SolverWallSeconds,NegativeMeasurementFraction,AssessmentIncluded,QualityTargetsPass,TargetPass,Method,Status
ds00001,M1,1,1,100000,0,0,0,0,0,0,coarse,27-factorial,1,20261006,0.23454538401934213,100448.79683839876,0.004487968383987609,0,248.23653529911257,48.91624101810404,1.3292252952185657,1.3549167036765417,-0.007059815013840454,-0.02199503711678119,0.0220708249221524,0.04241480472320114,250.00149963975193,50.01635254886228,1.3005217082874938,1.2997865125642774,1,1,285,281.8222787,True,1,1,True,0,1306.5034624938285,0,1.06590128573712,0.0014969938709544332,0,0,281.8222787,0,True,0,0,POCS-PSS,validated
ds00001,M1,1,1,100000,0,0,0,0,0,0,coarse,27-factorial,1,20261006,0.2426852026234382,100556.11460093013,0.005561146009301301,0,248.11540150779285,48.84011836819393,1.3299865798614738,1.3586461559711192,-0.007544347272623986,-0.023516992358034505,0.022656193576944483,0.045284085377006233,250.00149963975193,50.01635254886228,1.3005217082874938,1.2997865125642774,1,1,759,10.0583477,True,1,1,True,0,759,0,0.9999999999997169,0.0015529197281137761,0,0,10.0583477,0,True,0,0,Twomey-Markowski,validated
ds00001,M1,1,1,100000,0,0,0,0,0,0,coarse,27-factorial,1,20261006,0.0848219120478326,100077.42800133157,0.0007742800133157289,0,249.62704789991867,49.91385312074256,1.3080599493731737,1.3041731833522512,-0.0014977979747035075,-0.002049318330831662,0.005796320843891367,0.003374916377089976,250.00149963975193,50.01635254886228,1.3005217082874938,1.2997865125642774,1,1,230,225.9973411,True,1,1,True,0,34271351.10275454,0,1.0131781045566781,0.00134898176425881,0,0,225.9973411,0,True,1,1,Tikhonov,validated
ds00001,M1,1,1,100000,0,0,0,0,0,0,coarse,27-factorial,1,20261006,0.08482191204769887,100077.42800133188,0.0007742800133187848,0,249.62704789994174,49.91385312074105,1.3080599493730265,1.3041731833523644,-0.001497797974611248,-0.002049318330861749,0.005796320843778124,0.0033749163771770174,250.00149963975193,50.01635254886228,1.3005217082874938,1.2997865125642774,1,1,2,5.7196538,True,1,1,True,0,34271351.10275454,0,1.0131781045766934,0.0013489817642438136,0,0.000237,5.7198908,0,True,1,1,Tikhonov-lsqlin,validated
ds00001,M1,1,1,100000,0,0,0,0,0,0,coarse,27-factorial,1,20261006,1.3643674240696811e-15,100000.0000000001,1.0186340659856795e-15,0,250.00149963975213,50.01635254886232,1.3005217082875202,1.2997865125642685,8.881784197001252e-16,8.881784197001252e-16,2.042810365310288e-14,-6.8833827526759706e-15,250.00149963975193,50.01635254886228,1.3005217082874938,1.2997865125642774,1,1,45,7.6912887,True,1,1,True,0,nan,0,2.9061017936896026e-24,5.993760940907647e-16,0,0,7.6912887,0,False,1,0,Lognormal-fit,validated
ds00001,M1,1,1,100000,0,0,0,0,0,0,coarse,27-factorial,1,20261006,0.0715482128306225,100071.6592027609,0.0007165920276090037,0,249.67765023901475,49.864467591425694,1.306272897721849,1.306985571931176,-0.0012953898324763458,-0.0030367059910697547,0.004422217174619991,0.005538647537352892,250.00149963975193,50.01635254886228,1.3005217082874938,1.2997865125642774,1,1,83073,3223.9988392,True,1,1,True,0,757.6257789127257,0,0.9912897027227008,0.0014454948161018953,0,0,3223.9988392,0,True,1,1,TGV2-ADMM,validated
ds00001,M1,1,1,100000,0,0,0,0,0,0,coarse,27-factorial,1,20261006,0.12409842255165243,100148.93470161922,0.001489347016192187,0,249.60414127561822,49.49602380137893,1.3075761447512444,1.3296014879869529,-0.0015894239222816742,-0.010403172581907594,0.0054243127344946185,0.022938363442358778,250.00149963975193,50.01635254886228,1.3005217082874938,1.2997865125642774,1,0,65500,711.0122559,False,1,0,False,0,1.5779278642493353,0,0.8068519439171381,0.0013921986467855863,0,0,711.0122559,0,True,1,0,TV-2D,iteration/stationarity not certified
ds00001,M1,1,1,100000,0,0,0,0,0,0,coarse,27-factorial,1,20261006,0.17320046199656497,100560.75807887528,0.005607580788752821,0,248.1687479059292,48.85027326394068,1.3299256796189614,1.3585271046241958,-0.00733096296007707,-0.023313960844754233,0.022609366029104017,0.045192492376330495,250.00149963975193,50.01635254886228,1.3005217082874938,1.2997865125642774,1,1,131,95.1341562,True,1,1,True,0,3.371254113129772,0,0.9801401808090552,0.00136163742792992,0,0,95.1341562,0,True,1,1,Maximum Entropy,validated
ds00001,M1,1,1,100000,0,0,0,0,0,0,coarse,27-factorial,1,20261006,0.049400060103005475,100273.22828463526,0.0027322828463526095,0,250.0132845205692,50.02526977886095,1.3089122609762727,1.3101206291672232,4.713924050148144e-05,0.0001782862912675931,0.006451682148256754,0.007950626124407334,250.00149963975193,50.01635254886228,1.3005217082874938,1.2997865125642774,1,0,3120,4303.547764,False,0,0,False,0,3419.507316697687,1,11.622042138458312,0.0017591916904806885,0,0,4303.547764,0,True,1,0,Bayesian GP-MAP,iteration/stationarity not certified
ds00001,M1,1,1,100000,0,0,0,0,0,0,coarse,27-factorial,1,20261006,0.08835100500696907,100049.36850846396,0.0004936850846395828,0,249.8878149315773,49.81290570531826,1.301593107019082,1.313790124501886,-0.0004547361049370702,-0.004067606556181214,0.0008238222589909139,0.010773778464573835,250.00149963975193,50.01635254886228,1.3005217082874938,1.2997865125642774,1,1,1504,384.6459397,True,1,0,False,0,399080.3652709125,0,0.003820092058048025,0.00010905435864022527,0,0,384.6459397,0,True,1,0,Huber-TV,parameter selection not bracketed
ds00001,M1,1,1,100000,0,0,0,0,0,0,coarse,27-factorial,1,20261006,0.39911937731285896,102578.47680087842,0.025784768008784157,0,241.97212193179558,46.8032681075125,1.4332232957504758,1.4231777619730996,-0.03211731817419716,-0.06424067885019868,0.10203719524045574,0.09493193552638934,250.00149963975193,50.01635254886228,1.3005217082874938,1.2997865125642774,1,0,376,180.2626101,False,0,1,False,0,4.102620641407182,0,310.1210924325822,0.018596844430157123,0,0,180.2626101,0,True,0,0,POCS-CDMA,iteration/stationarity not certified
ds00002,M1,1,1,100000,0,0,0.03,0,0,0,coarse,27-factorial,1,20261006,1.939000022282948,100471.77931359943,0.004717793135994288,0,249.60111434051566,49.01877147290902,1.3051522991455515,1.354653116516699,-0.0016015315900632654,-0.019945098455124155,0.0035605640632905278,0.042212012066641824,250.00149963975193,50.01635254886228,1.3005217082874938,1.2997865125642774,1,0,3000,5124.5651002,False,1,1,False,0,1306.5034624938285,0,0.6218344515348977,0.026531326181439854,0,0,5124.5651002,0,True,0,0,POCS-PSS,iteration/stationarity not certified
ds00002,M1,1,1,100000,0,0,0.03,0,0,0,coarse,27-factorial,1,20261006,0.9999999997617629,0.19865997881886496,-0.9999980134002118,0,466.9741612932313,86.35287739954792,2.504542542360088,2.2473294842344513,0.8678854405518903,0.7264928968018518,0.9257983364676241,0.7289989259857903,250.00149963975193,50.01635254886228,1.3005217082874938,1.2997865125642774,1,0,4000,52.0296052,False,0,1,False,0,4000,0,923.5898521955673,0.9999992734553621,0,0,52.0296052,0,True,0,0,Twomey-Markowski,iteration/stationarity not certified
ds00002,M1,1,1,100000,0,0,0.03,0,0,0,coarse,27-factorial,1,20261006,0.13140583334934028,99839.54222819317,-0.0016045777180683216,0,249.45184195387458,49.59493599595807,1.3044393014023132,1.317894733091229,-0.002198617554972304,-0.008425575465394464,0.0030123242771380454,0.013931688282583288,250.00149963975193,50.01635254886228,1.3005217082874938,1.2997865125642774,1,0,564,592.2064383,False,1,0,False,0,2389551.1619540174,0,0.9703784615537794,0.036668068288945345,0,0,592.2064383,0,True,1,0,Tikhonov,iteration/stationarity not certified
ds00002,M1,1,1,100000,0,0,0.03,0,0,0,coarse,27-factorial,1,20261006,0.13140584626197338,99839.54236410394,-0.0016045763589606213,0,249.45184166818783,49.59493577855053,1.3044393029164936,1.3178947374955317,-0.002198618697712429,-0.008425579812123551,0.0030123254414249345,0.013931691671065005,250.00149963975193,50.01635254886228,1.3005217082874938,1.2997865125642774,1,0,2,5.1531749,False,1,0,False,0,2389551.1619540174,0,0.9703786350089759,0.036668073394636895,0,0.0043325,5.1575074,0,True,1,0,Tikhonov-lsqlin,iteration/stationarity not certified
ds00002,M1,1,1,100000,0,0,0.03,0,0,0,coarse,27-factorial,1,20261006,0.003267324490527097,99729.02518181315,-0.00270974818186849,0,250.0133383988173,50.051644741937835,1.3005774924585287,1.2996755746241877,4.73547522013007e-05,0.0007056130900604529,4.2893686956091415e-05,-8.535089340999669e-05,250.00149963975193,50.01635254886228,1.3005217082874938,1.2997865125642774,1,1,93,14.8216835,True,1,1,True,0,nan,0,0.9043632510366802,0.031006408896361935,0,0,14.8216835,0,False,1,0,Lognormal-fit,validated
ds00002,M1,1,1,100000,0,0,0.03,0,0,0,coarse,27-factorial,1,20261006,0.11969550622507771,99671.076557499,-0.003289234425010072,0,249.3223848188678,49.46423235495833,1.304893980213005,1.3219559770719378,-0.002716442988793033,-0.011038793629834842,0.0033619369039741276,0.017056235230448413,250.00149963975193,50.01635254886228,1.3005217082874938,1.2997865125642774,1,0,51500,1908.0418939,False,0,0,False,0,5.136531315548811e-09,1,12.27616534195607,0.03808152134002409,0,0,1908.0418939,0,True,1,0,TGV2-ADMM,iteration/stationarity not certified
ds00002,M1,1,1,100000,0,0,0.03,0,0,0,coarse,27-factorial,1,20261006,0.7224912109287198,68758.2939765587,-0.3124170602344129,0,244.80174810178858,43.72549330195423,1.406295649946271,1.5185700617004072,-0.02079888138853614,-0.12577604975817347,0.08133193085877721,0.16832267993341743,250.00149963975193,50.01635254886228,1.3005217082874938,1.2997865125642774,1,0,51500,572.733507,False,0,0,False,0,1.019691992084683e-09,1,1585.2856126911454,0.5195508067912102,0,0,572.733507,0,True,0,0,TV-2D,iteration/stationarity not certified
ds00002,M1,1,1,100000,0,0,0.03,0,0,0,coarse,27-factorial,1,20261006,0.3721361388235964,100225.58585029466,0.0022558585029466486,0,249.54782106024834,48.713847054004546,1.3052885196842616,1.3681537822021217,-0.0018147034324087485,-0.026041592968725213,0.003665307058230205,0.052598845254184345,250.00149963975193,50.01635254886228,1.3005217082874938,1.2997865125642774,1,1,1294,1410.6822618,True,1,0,False,0,0.016029376211269552,0,0.6782013591742323,0.028573899793046458,0,0,1410.6822618,0,True,0,0,Maximum Entropy,parameter selection not bracketed
ds00002,M1,1,1,100000,0,0,0.03,0,0,0,coarse,27-factorial,1,20261006,0.9999268711851158,53.782462329782874,-0.9994621753767022,0,265.0006463054302,63.4442692763267,1.977271243079342,1.7802397817870113,0.059996226771806604,0.26847053099976326,0.5203677343325404,0.3696401405757581,250.00149963975193,50.01635254886228,1.3005217082874938,1.2997865125642774,1,0,3063,412.2076966,False,0,0,False,0,1442948644083885.2,1,838.7041553442343,0.9997278810551775,0,0,412.2076966,0,True,0,0,Bayesian GP-MAP,iteration/stationarity not certified
ds00002,M1,1,1,100000,0,0,0.03,0,0,0,coarse,27-factorial,1,20261006,0.29840357573038706,99783.4862704269,-0.002165137295730965,0,249.25700053284726,48.139604176072055,1.307260602459844,1.3944852644681198,-0.002977978564038586,-0.03752269562153254,0.005181685264772584,0.07285715845521157,250.00149963975193,50.01635254886228,1.3005217082874938,1.2997865125642774,1,0,1580,2253.2320946,False,1,0,False,0,1115223.5903820451,0,0.8712748781777437,0.03460935227956525,0,0,2253.2320946,0,True,0,0,Huber-TV,iteration/stationarity not certified
ds00002,M1,1,1,100000,0,0,0.03,0,0,0,coarse,27-factorial,1,20261006,0.48572182602439384,97355.40896660795,-0.026445910333920474,0,229.8424788654506,45.39674485233263,1.582530261032293,1.4605933774817406,-0.08063559939980414,-0.09236194686561028,0.21684263395813952,0.12371790548912243,250.00149963975193,50.01635254886228,1.3005217082874938,1.2997865125642774,1,0,323,180.8649859,False,0,1,False,0,4.102620641407182,0,31143157943396.21,0.10837077158025397,0,0,180.8649859,0,True,0,0,POCS-CDMA,iteration/stationarity not certified
ds00003,M1,1,1,100000,0,0,0.05,0,0,0,coarse,27-factorial,1,20261006,2.8725334886874214,100442.6221243836,0.0044262212438360435,0,249.52078610565644,48.70713630296646,1.3069941777703835,1.370679206709187,-0.0019228426020971856,-0.026175764108684496,0.004976825409098717,0.05454179856432684,250.00149963975193,50.01635254886228,1.3005217082874938,1.2997865125642774,1,0,3000,5721.9071998,False,1,1,False,0,1306.5034624938285,0,0.6657667974151974,0.04566851017823637,0,0,5721.9071998,0,True,0,0,POCS-PSS,iteration/stationarity not certified
ds00003,M1,1,1,100000,0,0,0.05,0,0,0,coarse,27-factorial,1,20261006,0.9999999999115752,0.11244286682499807,-0.9999988755713317,0,521.22867492744,86.20012609436925,2.3524847806453013,2.2598402320569426,1.0849021933009282,0.7234388695208853,0.808877749332624,0.738624158823304,250.00149963975193,50.01635254886228,1.3005217082874938,1.2997865125642774,1,0,4000,30.9638964,False,0,1,False,0,4000,0,334.70038939958033,0.9999995904044576,0,0,30.9638964,0,True,0,0,Twomey-Markowski,iteration/stationarity not certified
ds00003,M1,1,1,100000,0,0,0.05,0,0,0,coarse,27-factorial,1,20261006,0.15948011670609707,99455.58978437717,-0.005444102156228327,0,249.1412253945011,49.30826833132856,1.3067059237505718,1.3275197031982144,-0.003441076339503857,-0.014157054272239677,0.004755180496926359,0.02133672750552229,250.00149963975193,50.01635254886228,1.3005217082874938,1.2997865125642774,1,1,436,260.6004511,True,1,1,True,0,1965061.7195139176,0,0.983542673676237,0.06292593689815323,0,0,260.6004511,0,True,1,1,Tikhonov,validated
ds00003,M1,1,1,100000,0,0,0.05,0,0,0,coarse,27-factorial,1,20261006,0.15948012084518662,99455.58936788584,-0.00544410632114159,0,249.14122531370202,49.30826846786181,1.3067059255676026,1.3275197019024545,-0.003441076662698217,-0.014157051542467602,0.004755181894081639,0.021336726508620174,250.00149963975193,50.01635254886228,1.3005217082874938,1.2997865125642774,1,0,2,3.4787771,False,1,1,False,0,1965061.7195139176,0,0.9835426997129639,0.06292593701380945,0,0.0022859,3.481063,0,True,1,0,Tikhonov-lsqlin,iteration/stationarity not certified
ds00003,M1,1,1,100000,0,0,0.05,0,0,0,coarse,27-factorial,1,20261006,0.007426130131869292,99325.53788323016,-0.006744621167698351,0,250.02898956498223,50.080769895778126,1.3006072934796897,1.2995612944156603,0.00010995904132538037,0.0012879257209512662,6.580835340974645e-05,-0.0001732731848191893,250.00149963975193,50.01635254886228,1.3005217082874938,1.2997865125642774,1,1,99,14.0661344,True,1,1,True,0,nan,0,0.9151660333808325,0.05178625105640353,0,0,14.0661344,0,False,1,0,Lognormal-fit,validated
ds00003,M1,1,1,100000,0,0,0.05,0,0,0,coarse,27-factorial,1,20261006,0.1396890699804003,98989.9653106255,-0.010100346893745008,0,249.12576578893385,49.25828419524186,1.30709195607446,1.3306990141393906,-0.0035029143908336113,-0.015156410153655986,0.005052009316797834,0.02378275299543442,250.00149963975193,50.01635254886228,1.3005217082874938,1.2997865125642774,1,0,51500,1473.4600667,False,0,0,False,0,3.72941720298419e-09,1,22.17957796005345,0.06299485647668396,0,0,1473.4600667,0,True,1,0,TGV2-ADMM,iteration/stationarity not certified
ds00003,M1,1,1,100000,0,0,0.05,0,0,0,coarse,27-factorial,1,20261006,0.8128594995636668,46079.975182206705,-0.539200248177933,0,247.20657736142113,44.65619505746999,1.4524737165597283,1.5497822727781414,-0.011179622051700644,-0.10716810039588165,0.11683927096635904,0.19233601656679844,250.00149963975193,50.01635254886228,1.3005217082874938,1.2997865125642774,1,0,51500,410.7873409,False,0,0,False,0,7.403550418380968e-10,1,1595.123916281549,0.6868088855779397,0,0,410.7873409,0,True,0,0,TV-2D,iteration/stationarity not certified
ds00003,M1,1,1,100000,0,0,0.05,0,0,0,coarse,27-factorial,1,20261006,0.3116426916809982,98401.98379476952,-0.015980162052304805,0,249.2076546376981,47.92873489277052,1.3120390821970547,1.4072647723101739,-0.0031753609606252065,-0.04173870243841371,0.008855964368889024,0.08268916372570945,250.00149963975193,50.01635254886228,1.3005217082874938,1.2997865125642774,1,0,1580,1787.6371958,False,1,0,False,0,0.16189258768401554,0,0.8362031928495547,0.056660304478951755,0,0,1787.6371958,0,True,0,0,Maximum Entropy,iteration/stationarity not certified
ds00003,M1,1,1,100000,0,0,0.05,0,0,0,coarse,27-factorial,1,20261006,0.9999597813922161,31.65682431929011,-0.9996834317568071,0,265.53833030153555,63.49048529624728,2.0184796031979357,1.8026598242596739,0.0621469498549887,0.26939454919712036,0.5520537568387363,0.386889159746169,250.00149963975193,50.01635254886228,1.3005217082874938,1.2997865125642774,1,0,3064,439.5267241,False,0,0,False,0,1550259963022645.8,1,313.55083445622563,0.9998411535395678,0,0,439.5267241,0,True,0,0,Bayesian GP-MAP,iteration/stationarity not certified
ds00003,M1,1,1,100000,0,0,0.05,0,0,0,coarse,27-factorial,1,20261006,0.31341341801736033,99302.45396892664,-0.006975460310733615,0,249.16442477645654,47.98191400624293,1.308278873620021,1.401308232274643,-0.0033482793683301537,-0.040675467900860074,0.005964656555207837,0.07810645727510979,250.00149963975193,50.01635254886228,1.3005217082874938,1.2997865125642774,1,0,1580,2544.7856864,False,1,0,False,0,633391.5866506287,0,0.8513284505845224,0.05582794794951327,0,0,2544.7856864,0,True,0,0,Huber-TV,iteration/stationarity not certified
ds00003,M1,1,1,100000,0,0,0.05,0,0,0,coarse,27-factorial,1,20261006,0.5234771061287207,91080.98121259728,-0.08919018787402717,0,230.35199332317393,45.53949851520769,1.591719177381405,1.4687950193773305,-0.07859755379424771,-0.08950780705732264,0.2239081956404676,0.13002789702720152,250.00149963975193,50.01635254886228,1.3005217082874938,1.2997865125642774,1,0,248,180.7336508,False,0,1,False,0,4.102620641407182,0,19455019823160.793,0.1735857241889417,0,0,180.7336508,0,True,0,0,POCS-CDMA,iteration/stationarity not certified
ds00004,M1,1,1,100000,425.4815666785353,0.03,0,0,0,0,coarse,27-factorial,1,20261006,0.4612562988983108,102100.02819173798,0.02100028191737976,0,247.203644232651,48.10052236481735,1.5408584541687964,1.4930891470282954,-0.011191354496403405,-0.03830407629531374,0.1848002569659326,0.14871875696160441,250.00149963975193,50.01635254886228,1.3005217082874938,1.2997865125642774,1,1,166,9.2813215,True,1,1,True,0,1306.5034624938285,0,1.0659495675251578,0.09888061135293037,0,0,9.2813215,0.22058823529411764,True,0,0,POCS-PSS,validated
ds00004,M1,1,1,100000,425.4815666785353,0.03,0,0,0,0,coarse,27-factorial,1,20261006,0.4311431435047894,103768.62029491227,0.03768620294912267,0,243.0566714806661,47.220950949365346,1.4636496993069046,1.4650664145814212,-0.02777914600149689,-0.055889753191539326,0.12543273209504147,0.12715926840252578,250.00149963975193,50.01635254886228,1.3005217082874938,1.2997865125642774,1,1,39,0.4505222,True,1,1,True,0,39,0,0.9999999999999942,0.09577293880766848,0,0,0.4505222,0.22058823529411764,True,0,0,Twomey-Markowski,validated
ds00004,M1,1,1,100000,425.4815666785353,0.03,0,0,0,0,coarse,27-factorial,1,20261006,0.2142201536252104,102016.61023969002,0.02016610239690024,0,247.77633220807832,49.5660434052397,1.384719961794258,1.3641323432330235,-0.008900616335822176,-0.009003238354549414,0.06474190547548431,0.04950492257517092,250.00149963975193,50.01635254886228,1.3005217082874938,1.2997865125642774,1,1,205,30.6646863,True,1,1,True,0,211105.6510876569,0,1.0064007422730084,0.09607895884892852,0,0,30.6646863,0.22058823529411764,True,0,0,Tikhonov,validated
ds00004,M1,1,1,100000,425.4815666785353,0.03,0,0,0,0,coarse,27-factorial,1,20261006,0.21422015363096347,102016.6102397911,0.02016610239791102,0,247.77633220761223,49.56604340518007,1.3847199618025179,1.3641323432339365,-0.008900616337686462,-0.009003238355741572,0.06474190548183545,0.04950492257587347,250.00149963975193,50.01635254886228,1.3005217082874938,1.2997865125642774,1,1,2,4.5556453999999995,True,1,1,True,0,211105.6510876569,0,1.0064007422745729,0.09607895884900312,0,0.0013566,4.557002,0.22058823529411764,True,0,0,Tikhonov-lsqlin,validated
ds00004,M1,1,1,100000,425.4815666785353,0.03,0,0,0,0,coarse,27-factorial,1,20261006,0.04548226099616362,99432.29213458349,-0.005677078654165089,0,250.50506641357302,50.18238698043517,1.307101210267227,1.304281741361545,0.0020142550126567293,0.0033196029520683457,0.005059125070966397,0.003458436253811703,250.00149963975193,50.01635254886228,1.3005217082874938,1.2997865125642774,1,1,42,6.3496641,True,1,1,True,0,nan,0,0.9996186213775503,0.0957546741903338,0,0,6.3496641,0.22058823529411764,False,1,0,Lognormal-fit,validated
ds00004,M1,1,1,100000,425.4815666785353,0.03,0,0,0,0,coarse,27-factorial,1,20261006,0.14227950755187466,100589.50440887504,0.005895044088750437,0,250.55546685961465,49.87746427328496,1.3287234844851215,1.347250816330836,0.0022158555875104735,-0.002776857337640548,0.02168497151405746,0.03651699975938283,250.00149963975193,50.01635254886228,1.3005217082874938,1.2997865125642774,1,1,57959,1516.306341,True,1,0,False,0,1.2088486326220738,0,0.9854248717134675,0.09507242548581255,0,0,1516.306341,0.22058823529411764,True,1,0,TGV2-ADMM,parameter selection not bracketed
ds00004,M1,1,1,100000,425.4815666785353,0.03,0,0,0,0,coarse,27-factorial,1,20261006,0.23767698652932395,101079.06981120881,0.010790698112088139,0,249.4540801255937,48.86479493235518,1.350498222867601,1.395384534553313,-0.0021896649217987285,-0.023023622431925905,0.038428051036468736,0.07354901829257754,250.00149963975193,50.01635254886228,1.3005217082874938,1.2997865125642774,1,0,70500,536.8862842,False,1,0,False,0,0.00569076945876571,0,0.9769563325134949,0.09466302755662595,0,0,536.8862842,0.22058823529411764,True,0,0,TV-2D,iteration/stationarity not certified
ds00004,M1,1,1,100000,425.4815666785353,0.03,0,0,0,0,coarse,27-factorial,1,20261006,0.36643376804123085,105320.6176324269,0.053206176324269036,0,241.4003301383671,47.66152079032689,1.600093664745177,1.526149678828673,-0.03440447162828608,-0.047081237206069604,0.2303475248038378,0.17415411229173028,250.00149963975193,50.01635254886228,1.3005217082874938,1.2997865125642774,1,1,378,187.3965373,True,1,1,True,0,0.041049178623340135,0,1.0221012851055826,0.096825507325215,0,0,187.3965373,0.22058823529411764,True,0,0,Maximum Entropy,validated
ds00004,M1,1,1,100000,425.4815666785353,0.03,0,0,0,0,coarse,27-factorial,1,20261006,0.14641385862018086,100859.99540305474,0.008599954030547379,0,249.48065905113478,50.03173316414316,1.3529520865473168,1.36252257314159,-0.0020833498573715747,0.00030751173360465955,0.040314881270888225,0.04826643450357415,250.00149963975193,50.01635254886228,1.3005217082874938,1.2997865125642774,1,1,660,16.4596112,True,1,1,True,0,49169.197452464556,0,0.9834784363453261,0.0949784843812442,0,0,16.4596112,0.22058823529411764,True,1,1,Bayesian GP-MAP,validated
ds00004,M1,1,1,100000,425.4815666785353,0.03,0,0,0,0,coarse,27-factorial,1,20261006,3.5492825848276297,102836.81652281468,0.02836816522814683,0,238.55971612506858,47.63937301417759,1.5263000911512523,1.4749901138140902,-0.04576685952352599,-0.04752404790738296,0.1736060085925515,0.13479413700344,250.00149963975193,50.01635254886228,1.3005217082874938,1.2997865125642774,1,1,1631,219.9889781,True,1,0,False,0,14.367057463910436,0,0.8765295920433823,0.08966565087756426,0,0,219.9889781,0.22058823529411764,True,0,0,Huber-TV,parameter selection not bracketed
ds00004,M1,1,1,100000,425.4815666785353,0.03,0,0,0,0,coarse,27-factorial,1,20261006,0.6891649083486033,104113.55904472862,0.04113559044728623,0,236.96891949776946,54.47773677402218,2.222169759530836,1.8958752639218754,-0.05213000786300159,0.08919851204266571,0.7086756379153052,0.45860512137613063,250.00149963975193,50.01635254886228,1.3005217082874938,1.2997865125642774,1,1,153,60.0882715,True,1,1,True,0,4.102620641407182,0,4.12410075099581,0.1944945548997729,0,0,60.0882715,0.22058823529411764,True,0,0,POCS-CDMA,validated
ds00005,M1,1,1,100000,425.4815666785353,0.03,0.03,0,0,0,coarse,27-factorial,1,20261006,0.4684441678255512,101695.15626393438,0.016951562639343755,0,246.60911141310504,47.93053148386486,1.5460942741434254,1.4973768822954256,-0.013569471509311981,-0.04170278236422231,0.1888261951269523,0.1520175565919153,250.00149963975193,50.01635254886228,1.3005217082874938,1.2997865125642774,1,1,170,10.4074649,True,1,1,True,0,1306.5034624938285,0,1.066419106629259,0.10389160305718818,0,0,10.4074649,0.21977124183006536,True,0,0,POCS-PSS,validated
ds00005,M1,1,1,100000,425.4815666785353,0.03,0.03,0,0,0,coarse,27-factorial,1,20261006,0.4315501454602806,103547.88247580804,0.035478824758080445,0,242.0309639493027,47.123946957148,1.473201583878371,1.4702410319733323,-0.03188195151602946,-0.05782919873832493,0.1327773880977805,0.1311403971047327,250.00149963975193,50.01635254886228,1.3005217082874938,1.2997865125642774,1,1,38,0.4452184,True,1,1,True,0,38,0,0.9999999999999947,0.10045860870860475,0,0,0.4452184,0.21977124183006536,True,0,0,Twomey-Markowski,validated
ds00005,M1,1,1,100000,425.4815666785353,0.03,0.03,0,0,0,coarse,27-factorial,1,20261006,0.1843464838085663,101244.49780670887,0.012444978067088669,0,247.73493428077575,49.711359128955664,1.3758446017038146,1.3694305753325708,-0.009066207051726782,-0.006097874082454546,0.05791744415824085,0.05358115513208128,250.00149963975193,50.01635254886228,1.3005217082874938,1.2997865125642774,1,1,195,30.3389381,True,1,1,True,0,81849.96126361424,0,0.9930849515542012,0.10008830628571488,0,0,30.3389381,0.21977124183006536,True,0,0,Tikhonov,validated
ds00005,M1,1,1,100000,425.4815666785353,0.03,0.03,0,0,0,coarse,27-factorial,1,20261006,0.18434648380840343,101244.49780670897,0.012444978067089687,0,247.73493428074514,49.71135912895666,1.3758446017042592,1.369430575332563,-0.00906620705184924,-0.006097874082434673,0.057917444158582576,0.05358115513207529,250.00149963975193,50.01635254886228,1.3005217082874938,1.2997865125642774,1,1,2,4.160215,True,1,1,True,0,81849.96126361424,0,0.9930849515542988,0.10008830628572114,0,0.0031973,4.1634123,0.21977124183006536,True,0,0,Tikhonov-lsqlin,validated
ds00005,M1,1,1,100000,425.4815666785353,0.03,0.03,0,0,0,coarse,27-factorial,1,20261006,0.06404526478728799,98868.02510885186,-0.011319748911481438,0,251.03502753802675,50.3403509759921,1.3071855253404183,1.3056768497860638,0.004134086794535641,0.0064778499554380975,0.005123956801689422,0.004531772844884818,250.00149963975193,50.01635254886228,1.3005217082874938,1.2997865125642774,1,1,40,6.2301202,True,1,1,True,0,nan,0,1.0112810871372637,0.1009614572714491,0,0,6.2301202,0.21977124183006536,False,1,0,Lognormal-fit,validated
ds00005,M1,1,1,100000,425.4815666785353,0.03,0.03,0,0,0,coarse,27-factorial,1,20261006,0.14924055001359418,100716.02056541451,0.007160205654145102,0,249.2321119014872,49.70733575252722,1.3398624985084784,1.357513452847826,-0.0030775324922986957,-0.006178315302643678,0.03025000657066146,0.04441263217115754,250.00149963975193,50.01635254886228,1.3005217082874938,1.2997865125642774,1,1,55908,2299.3202123,True,1,0,False,0,0.751634109986239,0,0.9873778774136531,0.09974850096658301,0,0,2299.3202123,0.21977124183006536,True,1,0,TGV2-ADMM,parameter selection not bracketed
ds00005,M1,1,1,100000,425.4815666785353,0.03,0.03,0,0,0,coarse,27-factorial,1,20261006,0.24392333644963082,100804.36401353797,0.008043640135379683,0,249.42555768471988,48.99386693059947,1.3455212560019953,1.4026945225192589,-0.0023037540009238633,-0.020443026453476842,0.03460115077491199,0.07917300953674311,250.00149963975193,50.01635254886228,1.3005217082874938,1.2997865125642774,1,0,70500,604.2650523,False,1,0,False,0,0.0035383887790800734,0,0.9729924882491229,0.0989601259758498,0,0,604.2650523,0.21977124183006536,True,0,0,TV-2D,iteration/stationarity not certified
ds00005,M1,1,1,100000,425.4815666785353,0.03,0.03,0,0,0,coarse,27-factorial,1,20261006,0.38893184834893785,104473.96878173803,0.04473968781738033,0,241.639211301295,47.4708495015252,1.5682315075926598,1.509166149406496,-0.033448952708311164,-0.05089341620523624,0.20584800514993473,0.1610877131115518,250.00149963975193,50.01635254886228,1.3005217082874938,1.2997865125642774,1,1,245,102.117091,True,1,1,True,0,0.029948933962405968,0,0.9927102769419259,0.09975090726822533,0,0,102.117091,0.21977124183006536,True,0,0,Maximum Entropy,validated
ds00005,M1,1,1,100000,425.4815666785353,0.03,0.03,0,0,0,coarse,27-factorial,1,20261006,0.15942552082751033,100978.58852174254,0.009785885217425384,0,248.3915539422905,49.75112828453994,1.364246097679393,1.3696287000888667,-0.006439744160660399,-0.00530275101654476,0.04899909704376304,0.053733583822778375,250.00149963975193,50.01635254886228,1.3005217082874938,1.2997865125642774,1,1,640,17.5112064,True,1,1,True,0,42274.78634217178,0,0.9912064089392121,0.09996739979211049,0,0,17.5112064,0.21977124183006536,True,0,0,Bayesian GP-MAP,validated
ds00005,M1,1,1,100000,425.4815666785353,0.03,0.03,0,0,0,coarse,27-factorial,1,20261006,3.518995786974179,103140.28706790964,0.031402870679096376,0,239.45706538430485,46.97245177915967,1.5204776712480896,1.5135795250958681,-0.04217748401766164,-0.060858111689150896,0.1691290207298657,0.1644831750945086,250.00149963975193,50.01635254886228,1.3005217082874938,1.2997865125642774,1,1,1642,308.7136162,True,1,0,False,0,11.591623040587542,0,0.8795093355449394,0.09330419031882939,0,0,308.7136162,0.21977124183006536,True,0,0,Huber-TV,parameter selection not bracketed
ds00005,M1,1,1,100000,425.4815666785353,0.03,0.03,0,0,0,coarse,27-factorial,1,20261006,0.6956824829280279,101306.92930329172,0.013069293032917194,0,237.8161376856244,54.82255622989362,2.233496788407965,1.9018937601968222,-0.048741155439813055,0.0960926464267069,0.7173852417650126,0.4632354943002759,250.00149963975193,50.01635254886228,1.3005217082874938,1.2997865125642774,1,1,123,46.9390875,True,1,1,True,0,4.102620641407182,0,4.189530924049073,0.21121322801626802,0,0,46.9390875,0.21977124183006536,True,0,0,POCS-CDMA,validated
ds00006,M1,1,1,100000,425.4815666785353,0.03,0.05,0,0,0,coarse,27-factorial,1,20261006,0.4755688411383579,101190.12586334161,0.011901258633416146,0,245.2503403670198,47.66674725496556,1.5575143567440217,1.5006972167929298,-0.019004523091175396,-0.046976742088526535,0.19760735004949037,0.1545720795581167,250.00149963975193,50.01635254886228,1.3005217082874938,1.2997865125642774,1,1,168,8.7187894,True,1,1,True,0,1306.5034624938285,0,1.0671915624162598,0.1128661665503496,0,0,8.7187894,0.21977124183006536,True,0,0,POCS-PSS,validated
ds00006,M1,1,1,100000,425.4815666785353,0.03,0.05,0,0,0,coarse,27-factorial,1,20261006,0.43487966354538715,103351.33348515391,0.03351333485153911,0,240.82468876683842,46.95359337660799,1.4853224232399755,1.474709549258431,-0.036707023302408714,-0.06123515642733446,0.14209737044360793,0.13457828266663396,250.00149963975193,50.01635254886228,1.3005217082874938,1.2997865125642774,1,1,39,0.4192114,True,1,1,True,0,39,0,0.9999999999999971,0.10847282628900203,0,0,0.4192114,0.21977124183006536,True,0,0,Twomey-Markowski,validated
ds00006,M1,1,1,100000,425.4815666785353,0.03,0.05,0,0,0,coarse,27-factorial,1,20261006,0.20226815656500827,101255.18882863497,0.012551888286349714,0,246.68749421913628,49.47030374781752,1.3898895476886108,1.3729156031728764,-0.013255942165911305,-0.010917405472766428,0.06871691478244935,0.056262386093179906,250.00149963975193,50.01635254886228,1.3005217082874938,1.2997865125642774,1,1,189,30.1655899,True,1,1,True,0,89855.51732723617,0,1.0013042871970452,0.10842783098967718,0,0,30.1655899,0.21977124183006536,True,0,0,Tikhonov,validated
ds00006,M1,1,1,100000,425.4815666785353,0.03,0.05,0,0,0,coarse,27-factorial,1,20261006,0.2022681565652415,101255.18882862927,0.012551888286292669,0,246.6874942191444,49.47030374782419,1.3898895476882132,1.3729156031725263,-0.013255942165878776,-0.01091740547263298,0.06871691478214337,0.056262386092910344,250.00149963975193,50.01635254886228,1.3005217082874938,1.2997865125642774,1,1,2,4.6071717,True,1,1,True,0,89855.51732723617,0,1.00130428719709,0.10842783098967937,0,0.0001251,4.6072968,0.21977124183006536,True,0,0,Tikhonov-lsqlin,validated
ds00006,M1,1,1,100000,425.4815666785353,0.03,0.05,0,0,0,coarse,27-factorial,1,20261006,0.07673008231151204,98499.73719977852,-0.015002628002214769,0,251.28762062146438,50.39099040023314,1.3079919863952039,1.3068294830127165,0.00514445306754463,0.007490307315090039,0.005744062602035971,0.005418559417534219,250.00149963975193,50.01635254886228,1.3005217082874938,1.2997865125642774,1,1,40,5.9978367,True,1,1,True,0,nan,0,1.0192967635683488,0.10915593777413275,0,0,5.9978367,0.21977124183006536,False,1,0,Lognormal-fit,validated
ds00006,M1,1,1,100000,425.4815666785353,0.03,0.05,0,0,0,coarse,27-factorial,1,20261006,0.16250527623567984,100616.41772918393,0.0061641772918392965,0,248.56552630448422,49.58099566935556,1.3479366520343556,1.3663156296810064,-0.005743858886194331,-0.008704290843307927,0.03645840238168496,0.05118464953562052,250.00149963975193,50.01635254886228,1.3005217082874938,1.2997865125642774,1,1,53858,1802.4875553,True,1,0,False,0,0.5003631885884634,0,0.9892162827825353,0.1075201429109028,0,0,1802.4875553,0.21977124183006536,True,0,0,TGV2-ADMM,parameter selection not bracketed
ds00006,M1,1,1,100000,425.4815666785353,0.03,0.05,0,0,0,coarse,27-factorial,1,20261006,0.2666126802326259,100612.39252568159,0.006123925256815856,0,249.0007622657025,48.926633157894464,1.3509501126700425,1.4102702949869457,-0.004002925484413056,-0.021787262273938124,0.03877551913297328,0.08500148397808882,250.00149963975193,50.01635254886228,1.3005217082874938,1.2997865125642774,1,1,64545,670.7412714,True,1,0,False,0,0.002355507112361571,0,0.9733614445603547,0.10652332912986745,0,0,670.7412714,0.21977124183006536,True,0,0,TV-2D,parameter selection not bracketed
ds00006,M1,1,1,100000,425.4815666785353,0.03,0.05,0,0,0,coarse,27-factorial,1,20261006,0.409368725087109,103769.75701737196,0.03769757017371958,0,241.57021213215094,47.30639227739571,1.5511942523261097,1.5002069129813975,-0.033724947729315,-0.05418148532160838,0.19274768151982458,0.15419486083273926,250.00149963975193,50.01635254886228,1.3005217082874938,1.2997865125642774,1,1,354,245.6493961,True,1,1,True,0,0.023298096609736713,0,0.9822125053706489,0.10673818118909054,0,0,245.6493961,0.21977124183006536,True,0,0,Maximum Entropy,validated
ds00006,M1,1,1,100000,425.4815666785353,0.03,0.05,0,0,0,coarse,27-factorial,1,20261006,0.17131328426668108,100927.76555574834,0.009277655557483376,0,247.47143984380847,49.5326457755959,1.3758571396817496,1.3741605640192032,-0.01012017847728608,-0.009670972564299496,0.05792708488769205,0.05722020557683538,250.00149963975193,50.01635254886228,1.3005217082874938,1.2997865125642774,1,1,824,43.4919664,True,1,1,True,0,38867.08868832089,0,0.9972051759065617,0.1080766917391983,0,0,43.4919664,0.21977124183006536,True,0,0,Bayesian GP-MAP,validated
ds00006,M1,1,1,100000,425.4815666785353,0.03,0.05,0,0,0,coarse,27-factorial,1,20261006,3.3524635027711454,103219.26059573596,0.03219260595735963,0,240.0610337273768,46.433991976779986,1.5178085814383548,1.5393148999210433,-0.03976162513704584,-0.07162378681217496,0.1670766983482197,0.18428286879528666,250.00149963975193,50.01635254886228,1.3005217082874938,1.2997865125642774,1,1,1642,331.6894077,True,1,0,False,0,8.500746528138723,0,0.8885530205934543,0.1001284698640262,0,0,331.6894077,0.21977124183006536,True,0,0,Huber-TV,parameter selection not bracketed
ds00006,M1,1,1,100000,425.4815666785353,0.03,0.05,0,0,0,coarse,27-factorial,1,20261006,0.7127731138112411,97724.72102806701,-0.022752789719329886,0,240.2204912799669,55.424975828617136,2.2590690412225523,1.9232367389524727,-0.03912379875272476,0.10813709925111059,0.7370483144008864,0.47965586683787387,250.00149963975193,50.01635254886228,1.3005217082874938,1.2997865125642774,1,1,121,41.6884355,True,1,1,True,0,4.102620641407182,0,4.262580549301083,0.2390947691315481,0,0,41.6884355,0.21977124183006536,True,0,0,POCS-CDMA,validated
ds00007,M1,1,1,100000,709.1359444642255,0.05,0,0,0,0,coarse,27-factorial,1,20261006,0.509465256315468,101528.37429033901,0.015283742903390084,0,248.44816698109594,48.78242740954379,1.6288762816281137,1.5447886607970547,-0.006213293363817041,-0.024670434296723887,0.25247911760964903,0.18849414566506462,250.00149963975193,50.01635254886228,1.3005217082874938,1.2997865125642774,1,1,167,11.7312833,True,1,1,True,0,1306.5034624938285,0,1.0663456379634033,0.16360099506660233,0,0,11.7312833,0.23529411764705882,True,0,0,POCS-PSS,validated
ds00007,M1,1,1,100000,709.1359444642255,0.05,0,0,0,0,coarse,27-factorial,1,20261006,0.462503186804788,105436.10864876054,0.054361086487605355,0,245.17675603074247,47.213879996259905,1.4656501400744435,1.4968421677160455,-0.019298858670695362,-0.056031126017527244,0.12697091539086114,0.15160617012636002,250.00149963975193,50.01635254886228,1.3005217082874938,1.2997865125642774,1,1,31,0.57239,True,1,1,True,0,31,0,0.9999999999999996,0.15842982499240923,0,0,0.57239,0.23529411764705882,True,0,0,Twomey-Markowski,validated
ds00007,M1,1,1,100000,709.1359444642255,0.05,0,0,0,0,coarse,27-factorial,1,20261006,0.24118415939900467,102715.47633717432,0.027154763371743173,0,247.57189587582567,49.5923346359252,1.4048502505949065,1.3890829380742538,-0.009718356759568558,-0.008477585656068154,0.08022053122418926,0.06870084021245026,250.00149963975193,50.01635254886228,1.3005217082874938,1.2997865125642774,1,1,211,44.0572702,True,1,1,True,0,129509.14261067544,0,0.9996204643602196,0.15839975725669986,0,0,44.0572702,0.23529411764705882,True,0,0,Tikhonov,validated
ds00007,M1,1,1,100000,709.1359444642255,0.05,0,0,0,0,coarse,27-factorial,1,20261006,0.24118415940436988,102715.47633722896,0.0271547633722896,0,247.5718958755794,49.59233463586181,1.4048502505982028,1.3890829380762622,-0.00971835676055366,-0.008477585657335474,0.08022053122672368,0.06870084021399547,250.00149963975193,50.01635254886228,1.3005217082874938,1.2997865125642774,1,1,2,6.8567127999999995,True,1,1,True,0,129509.14261067544,0,0.9996204643600689,0.15839975725668795,0,0.0033953,6.8601081,0.23529411764705882,True,0,0,Tikhonov-lsqlin,validated
ds00007,M1,1,1,100000,709.1359444642255,0.05,0,0,0,0,coarse,27-factorial,1,20261006,0.07272428057343204,99033.71995798571,-0.009662800420142885,0,250.80374306117957,50.299103659903565,1.3110264080362173,1.307143129966723,0.003208954436608069,0.00565317334495874,0.008077296735443218,0.005659865932854169,250.00149963975193,50.01635254886228,1.3005217082874938,1.2997865125642774,1,1,42,7.0488591,True,1,1,True,0,nan,0,0.9996035120042536,0.15839841411670308,0,0,7.0488591,0.23529411764705882,False,1,0,Lognormal-fit,validated
ds00007,M1,1,1,100000,709.1359444642255,0.05,0,0,0,0,coarse,27-factorial,1,20261006,0.1593824255128585,100884.42751765635,0.008844275176563533,0,250.62844792079696,50.01720958802333,1.3414551989825008,1.3802980156017557,0.0025077780811253447,1.713517914381235e-05,0.031474669307063996,0.06194209761312397,250.00149963975193,50.01635254886228,1.3005217082874938,1.2997865125642774,1,1,53639,1858.1324815,True,1,0,False,0,0.45173533253139625,0,0.9805602756023059,0.1568823514009584,0,0,1858.1324815,0.23529411764705882,True,0,0,TGV2-ADMM,parameter selection not bracketed
ds00007,M1,1,1,100000,709.1359444642255,0.05,0,0,0,0,coarse,27-factorial,1,20261006,0.330162748248195,103895.37304167158,0.03895373041671584,0,241.56546480864748,46.99504307387853,1.4759670600918813,1.409878253220565,-0.033743936909421124,-0.0604064335165615,0.13490382412409785,0.08469986385617556,250.00149963975193,50.01635254886228,1.3005217082874938,1.2997865125642774,1,0,70500,639.6765539,False,1,0,False,0,0.00896774248663877,1,1.00974822100618,0.1592001566785448,0,0,639.6765539,0.23529411764705882,True,0,0,TV-2D,iteration/stationarity not certified
ds00007,M1,1,1,100000,709.1359444642255,0.05,0,0,0,0,coarse,27-factorial,1,20261006,0.42114467708852676,105222.79872940779,0.052227987294077904,0,242.44406839005683,47.987478394931856,1.6000167079848306,1.5436241466595013,-0.030229543665078906,-0.040564216511957074,0.23028835104314171,0.1875982184290943,250.00149963975193,50.01635254886228,1.3005217082874938,1.2997865125642774,1,1,371,277.8637239,True,1,1,True,0,0.015343800955593014,0,0.9734189467306171,0.1563100276979995,0,0,277.8637239,0.23529411764705882,True,0,0,Maximum Entropy,validated
ds00007,M1,1,1,100000,709.1359444642255,0.05,0,0,0,0,coarse,27-factorial,1,20261006,0.20729752578746474,101952.46288768074,0.0195246288768074,0,249.18291835063044,49.968055495203856,1.3797794381663528,1.3821521373653698,-0.003274305515371112,-0.0009656252644820729,0.06094302722806866,0.0633685793820078,250.00149963975193,50.01635254886228,1.3005217082874938,1.2997865125642774,1,1,540,20.4405254,True,1,1,True,0,80771.7943820212,0,0.9962921210565173,0.15813583291150432,0,0,20.4405254,0.23529411764705882,True,0,0,Bayesian GP-MAP,validated
ds00007,M1,1,1,100000,709.1359444642255,0.05,0,0,0,0,coarse,27-factorial,1,20261006,3.710822290985412,105097.2114980256,0.05097211498025601,0,234.6413771516221,46.786065572823446,1.5913191643942741,1.5438217693281049,-0.06144012140032562,-0.0645846170586526,0.2236006167783986,0.18775026083505342,250.00149963975193,50.01635254886228,1.3005217082874938,1.2997865125642774,1,1,1678,330.9409223,True,1,0,False,0,22.64625201244442,0,0.8968987628184197,0.1500405525844845,0,0,330.9409223,0.23529411764705882,True,0,0,Huber-TV,parameter selection not bracketed
ds00007,M1,1,1,100000,709.1359444642255,0.05,0,0,0,0,coarse,27-factorial,1,20261006,0.7983422253744158,98529.816645213,-0.014701833547870047,0,238.85660843936512,58.563875443198334,2.4920183920017918,1.9855398962644746,-0.04457929739000133,0.17089456665169167,0.9161682393469939,0.5275892441346479,250.00149963975193,50.01635254886228,1.3005217082874938,1.2997865125642774,1,1,115,35.0449247,True,1,1,True,0,4.102620641407182,0,3.314123300760644,0.2884172778424184,0,0,35.0449247,0.23529411764705882,True,0,0,POCS-CDMA,validated
ds00008,M1,1,1,100000,709.1359444642255,0.05,0.03,0,0,0,coarse,27-factorial,1,20261006,0.5131760371814854,101190.26491773168,0.01190264917731678,0,248.0115408829479,48.69239484575426,1.6325343808395718,1.5475026927969875,-0.007959787279962383,-0.026470496860294124,0.25529191126633854,0.19058220549158067,250.00149963975193,50.01635254886228,1.3005217082874938,1.2997865125642774,1,1,168,12.1992743,True,1,1,True,0,1306.5034624938285,0,1.0664093946616415,0.16672128097087707,0,0,12.1992743,0.23529411764705882,True,0,0,POCS-PSS,validated
ds00008,M1,1,1,100000,709.1359444642255,0.05,0.03,0,0,0,coarse,27-factorial,1,20261006,0.4659774359314705,105374.82174517041,0.05374821745170411,0,244.47565067615307,47.08363108721406,1.4686885303563084,1.4984871795947892,-0.02210326326666645,-0.05863525251632795,0.12930720110028315,0.15287177171773103,250.00149963975193,50.01635254886228,1.3005217082874938,1.2997865125642774,1,1,30,0.5440634,True,1,1,True,0,30,0,0.9999999999999969,0.16128067734262427,0,0,0.5440634,0.23529411764705882,True,0,0,Twomey-Markowski,validated
ds00008,M1,1,1,100000,709.1359444642255,0.05,0.03,0,0,0,coarse,27-factorial,1,20261006,0.22844303769128257,102144.0831556129,0.021440831556128977,0,247.44275999530012,49.68450975710735,1.4006215287765922,1.3940078501946458,-0.010234897183172498,-0.006634685954573394,0.07696897318300677,0.07248985638763417,250.00149963975193,50.01635254886228,1.3005217082874938,1.2997865125642774,1,1,212,46.6884768,True,1,1,True,0,87431.68323825828,0,0.9957909578746066,0.1609868954082338,0,0,46.6884768,0.23529411764705882,True,0,0,Tikhonov,validated
ds00008,M1,1,1,100000,709.1359444642255,0.05,0.03,0,0,0,coarse,27-factorial,1,20261006,0.22844303769128255,102144.08315561303,0.021440831556130288,0,247.44275999530143,49.68450975710761,1.400621528776555,1.3940078501946271,-0.01023489718316728,-0.006634685954568176,0.07696897318297835,0.07248985638761996,250.00149963975193,50.01635254886228,1.3005217082874938,1.2997865125642774,1,1,2,6.7774311,True,1,1,True,0,87431.68323825828,0,0.9957909578746086,0.16098689540823394,0,0.0001086,6.7775397,0.23529411764705882,True,0,0,Tikhonov-lsqlin,validated
ds00008,M1,1,1,100000,709.1359444642255,0.05,0.03,0,0,0,coarse,27-factorial,1,20261006,0.08952255851163278,98352.74057362005,-0.01647259426379955,0,251.36089661866814,50.488935635097924,1.3104263084511085,1.3081366161815573,0.005437555298168473,0.009448571560150665,0.007615866848279529,0.00642421161980411,250.00149963975193,50.01635254886228,1.3005217082874938,1.2997865125642774,1,1,42,6.8836653,True,1,1,True,0,nan,0,1.004989671802629,0.16168894470735873,0,0,6.8836653,0.23529411764705882,False,1,0,Lognormal-fit,validated
ds00008,M1,1,1,100000,709.1359444642255,0.05,0.03,0,0,0,coarse,27-factorial,1,20261006,0.17461670963875778,101053.21890963832,0.010532189096383227,0,249.3459979126088,49.79517712989251,1.3552717539072199,1.3893920520850906,-0.0026219911804037377,-0.004422062139651239,0.04209852497719546,0.06893865927569554,250.00149963975193,50.01635254886228,1.3005217082874938,1.2997865125642774,1,1,53031,1794.2849527,True,1,0,False,0,0.36421698384322726,0,0.9817225761071113,0.15978885595769685,0,0,1794.2849527,0.23529411764705882,True,0,0,TGV2-ADMM,parameter selection not bracketed
ds00008,M1,1,1,100000,709.1359444642255,0.05,0.03,0,0,0,coarse,27-factorial,1,20261006,0.3251185962368859,103274.80021345193,0.03274800213451934,0,243.0754305539312,47.234603881915945,1.451531181415476,1.4151909468427775,-0.02770411015854335,-0.05561678381542856,0.11611453477914568,0.0887872224884263,250.00149963975193,50.01635254886228,1.3005217082874938,1.2997865125642774,1,0,70500,776.3114282,False,1,0,False,0,0.007230349023317387,1,1.0051879914375879,0.1618037932232131,0,0,776.3114282,0.23529411764705882,True,0,0,TV-2D,iteration/stationarity not certified
ds00008,M1,1,1,100000,709.1359444642255,0.05,0.03,0,0,0,coarse,27-factorial,1,20261006,0.42121276665069013,105411.08324117481,0.054110832411748126,0,242.16098379037427,47.921685102398655,1.6256079720641967,1.560431852431529,-0.03136187527145118,-0.041879652148110735,0.2499660418623626,0.2005293464332376,250.00149963975193,50.01635254886228,1.3005217082874938,1.2997865125642774,1,1,356,248.6001707,True,1,1,True,0,0.018997799915495706,0,0.987604587262256,0.16013022949096492,0,0,248.6001707,0.23529411764705882,True,0,0,Maximum Entropy,validated
ds00008,M1,1,1,100000,709.1359444642255,0.05,0.03,0,0,0,coarse,27-factorial,1,20261006,0.21309886693590205,101903.99834209942,0.01903998342099425,0,248.50454666725278,49.783274303457524,1.3865183382304935,1.3884183900543623,-0.005987775971969089,-0.0046600408371852975,0.06612471702316958,0.0681895654658149,250.00149963975193,50.01635254886228,1.3005217082874938,1.2997865125642774,1,1,740,23.4543008,True,1,1,True,0,74177.9524490921,0,0.999038358108445,0.16125235855038877,0,0,23.4543008,0.23529411764705882,True,0,0,Bayesian GP-MAP,validated
ds00008,M1,1,1,100000,709.1359444642255,0.05,0.03,0,0,0,coarse,27-factorial,1,20261006,3.790353087631153,105182.66635021676,0.05182666350216765,0,234.44804079983362,46.4305725948242,1.5975494122819305,1.5641633150484262,-0.06221346216854928,-0.07169215209235902,0.22839119262803997,0.2034001737428206,250.00149963975193,50.01635254886228,1.3005217082874938,1.2997865125642774,1,1,1687,332.5876477,True,1,0,False,0,4.850713294485578,0,0.8961235115146554,0.15222768498215342,0,0,332.5876477,0.23529411764705882,True,0,0,Huber-TV,parameter selection not bracketed
ds00008,M1,1,1,100000,709.1359444642255,0.05,0.03,0,0,0,coarse,27-factorial,1,20261006,0.8008909511168485,95132.10234039131,-0.048678976596086866,0,241.9794491558735,59.02645133243516,2.487196970014346,1.9764517301802091,-0.0320880094536955,0.18014305970773625,0.9124609409937858,0.5205971989053619,250.00149963975193,50.01635254886228,1.3005217082874938,1.2997865125642774,1,1,114,36.1701613,True,1,1,True,0,4.102620641407182,0,3.440520512367584,0.30421675939309345,0,0,36.1701613,0.23529411764705882,True,0,0,POCS-CDMA,validated
ds00009,M1,1,1,100000,709.1359444642255,0.05,0.05,0,0,0,coarse,27-factorial,1,20261006,0.516566268719921,100696.24883477979,0.0069624883477979165,0,247.2736737576404,48.53321516114679,1.637090613819087,1.5492312275324083,-0.01091123807674066,-0.02965304969542859,0.25879529990682104,0.1919120659869098,250.00149963975193,50.01635254886228,1.3005217082874938,1.2997865125642774,1,1,167,11.8020539,True,1,1,True,0,1306.5034624938285,0,1.0652972525713484,0.17217450157030273,0,0,11.8020539,0.23529411764705882,True,0,0,POCS-PSS,validated
ds00009,M1,1,1,100000,709.1359444642255,0.05,0.05,0,0,0,coarse,27-factorial,1,20261006,0.4644021291793316,105111.67452111875,0.05111674521118752,0,243.3505139696785,46.9425292502099,1.4747013295987075,1.4995303091561156,-0.026603783095930922,-0.06145636660829035,0.13393057586141377,0.15367431086646266,250.00149963975193,50.01635254886228,1.3005217082874938,1.2997865125642774,1,1,30,0.5543142,True,1,1,True,0,30,0,0.9999999999999956,0.16628004185540435,0,0,0.5543142,0.23529411764705882,True,0,0,Twomey-Markowski,validated
ds00009,M1,1,1,100000,709.1359444642255,0.05,0.05,0,0,0,coarse,27-factorial,1,20261006,0.22890223877690782,101823.48158661442,0.0182348158661442,0,246.99791607288964,49.594466972022694,1.403689067393067,1.398301894508896,-0.012014262199188441,-0.008434952877210189,0.07932767169371013,0.07579350992822897,250.00149963975193,50.01635254886228,1.3005217082874938,1.2997865125642774,1,1,204,43.4571739,True,1,1,True,0,71235.28959469487,0,0.995438416904012,0.16589214324215767,0,0,43.4571739,0.23529411764705882,True,0,0,Tikhonov,validated
ds00009,M1,1,1,100000,709.1359444642255,0.05,0.05,0,0,0,coarse,27-factorial,1,20261006,0.22890223877674795,101823.48158660646,0.0182348158660646,0,246.99791607291047,49.59446697202692,1.4036890673924567,1.3983018945087515,-0.012014262199105064,-0.008434952877125701,0.07932767169324073,0.07579350992811773,250.00149963975193,50.01635254886228,1.3005217082874938,1.2997865125642774,1,1,2,6.5124684,True,1,1,True,0,71235.28959469487,0,0.9954384169039866,0.165892143242153,0,0.0001177,6.5125861,0.23529411764705882,True,0,0,Tikhonov-lsqlin,validated
ds00009,M1,1,1,100000,709.1359444642255,0.05,0.05,0,0,0,coarse,27-factorial,1,20261006,0.10277640814633579,97816.40961882737,-0.02183590381172631,0,251.75039379283294,50.59152445898724,1.3104385976014774,1.309093608328799,0.006995534649196555,0.011499677221825655,0.00762531624869367,0.007160480336236175,250.00149963975193,50.01635254886228,1.3005217082874938,1.2997865125642774,1,1,41,6.9555843,True,1,1,True,0,nan,0,1.0089728209198023,0.16688115564740355,0,0,6.9555843,0.23529411764705882,False,1,0,Lognormal-fit,validated
ds00009,M1,1,1,100000,709.1359444642255,0.05,0.05,0,0,0,coarse,27-factorial,1,20261006,0.19094245584675948,100968.84725130929,0.009688472513092856,0,248.58350966696187,49.655067715498575,1.3634049584873138,1.3978810332884322,-0.005671925867778205,-0.007223334268742554,0.04835232645414567,0.07546971735429797,250.00149963975193,50.01635254886228,1.3005217082874938,1.2997865125642774,1,1,52929,1987.0483481,True,1,0,False,0,0.2810258511535652,0,0.9819438847837357,0.16460118748266203,0,0,1987.0483481,0.23529411764705882,True,0,0,TGV2-ADMM,parameter selection not bracketed
ds00009,M1,1,1,100000,709.1359444642255,0.05,0.05,0,0,0,coarse,27-factorial,1,20261006,0.31752757731198034,102546.34818588903,0.0254634818588903,0,244.8214592426287,47.47088681301287,1.4266694024075786,1.4202678749649538,-0.020720037298126548,-0.050892670219458314,0.09699776121860659,0.09269319325601044,250.00149963975193,50.01635254886228,1.3005217082874938,1.2997865125642774,1,0,70500,594.8386417,False,1,0,False,0,0.005578858423828281,1,1.0000180685009576,0.16638933057819946,0,0,594.8386417,0.23529411764705882,True,0,0,TV-2D,iteration/stationarity not certified
ds00009,M1,1,1,100000,709.1359444642255,0.05,0.05,0,0,0,coarse,27-factorial,1,20261006,0.42199098621569686,105487.29682496772,0.05487296824967722,0,241.59091665815566,47.849450593455785,1.6566288287157582,1.5780194308422433,-0.03364213012208239,-0.04332386999411031,0.27381866689267387,0.2140604749998949,250.00149963975193,50.01635254886228,1.3005217082874938,1.2997865125642774,1,1,340,148.1939669,True,1,1,True,0,0.02354156990420996,0,1.0066865033634347,0.16647397600363056,0,0,148.1939669,0.23529411764705882,True,0,0,Maximum Entropy,validated
ds00009,M1,1,1,100000,709.1359444642255,0.05,0.05,0,0,0,coarse,27-factorial,1,20261006,0.2196123334319554,101743.05491535031,0.01743054915350309,0,247.92373882510643,49.60666779641317,1.3935368968704152,1.3929413802202153,-0.008310993404597622,-0.00819101616913942,0.07152144250279546,0.07166936012603942,250.00149963975193,50.01635254886228,1.3005217082874938,1.2997865125642774,1,1,1164,195.9000992,True,1,1,True,0,69485.98174981808,0,1.0010153144479315,0.16638217603480623,0,0,195.9000992,0.23529411764705882,True,0,0,Bayesian GP-MAP,validated
ds00009,M1,1,1,100000,709.1359444642255,0.05,0.05,0,0,0,coarse,27-factorial,1,20261006,3.4839480548237174,104852.35566723639,0.04852355667236392,0,235.3406219558679,46.16372332390708,1.5964963810280288,1.5808999986970773,-0.05864315896108663,-0.07702739261507463,0.2275814935302154,0.2162766603710995,250.00149963975193,50.01635254886228,1.3005217082874938,1.2997865125642774,1,1,1674,228.7154922,True,1,0,False,0,18.25290379130664,0,0.8988845174383003,0.15643258296974916,0,0,228.7154922,0.23529411764705882,True,0,0,Huber-TV,parameter selection not bracketed
ds00009,M1,1,1,100000,709.1359444642255,0.05,0.05,0,0,0,coarse,27-factorial,1,20261006,0.8079037548978839,91446.38463474269,-0.08553615365257312,0,242.43176138314192,59.04815685565063,2.493562183013413,1.9662335700802336,-0.03027877139744317,0.18057702824221233,0.9173552945124583,0.5127357847414185,250.00149963975193,50.01635254886228,1.3005217082874938,1.2997865125642774,1,1,115,29.3149085,True,1,1,True,0,4.102620641407182,0,3.483375622504438,0.32500594501076313,0,0,29.3149085,0.23529411764705882,True,0,0,POCS-CDMA,validated
ds00010,M2,2,1,100000,0,0,0,0,0,0,coarse,27-factorial,1,20261007,0.1778761598797461,100217.6836826112,0.002176836826111976,0,313.75545561478145,59.32030055841766,1.321756481801319,1.3344958185313547,-0.003947889185077713,-0.011349439737540434,0.016338106180163514,0.026171091684594305,314.9990369058921,60.00128148682761,1.300508633656421,1.3004613259379632,1,1,224,124.3643144,True,1,1,True,0,1306.5034624938285,0,1.0655001537540143,0.001292539088052125,0,0,124.3643144,0,True,1,1,POCS-PSS,validated
ds00010,M2,2,1,100000,0,0,0,0,0,0,coarse,27-factorial,1,20261007,0.17732985458285722,100186.04329045539,0.0018604329045538907,0,313.7825893210785,59.33344518776092,1.3206378706466455,1.3357578201320575,-0.0038617501715634273,-0.011130367260794194,0.015477972594176714,0.027141517775345347,314.9990369058921,60.00128148682761,1.300508633656421,1.3004613259379632,1,1,485,7.4872955,True,1,1,True,0,485,0,0.9999999999999762,0.0012920320472498768,0,0,7.4872955,0,True,1,1,Twomey-Markowski,validated
ds00010,M2,2,1,100000,0,0,0,0,0,0,coarse,27-factorial,1,20261007,0.07813135305755428,100041.85166815367,0.000418516681536712,0,314.70036392952795,59.93889147444574,1.3052108638912716,1.3032870170473976,-0.0009481710779115637,-0.0010398113312890533,0.00361568551961855,0.0021728374793432703,314.9990369058921,60.00128148682761,1.300508633656421,1.3004613259379632,1,1,215,264.9374492,True,1,1,True,0,34106686.662267774,0,0.9886284445924103,0.0010905552801456276,0,0,264.9374492,0,True,1,1,Tikhonov,validated
ds00010,M2,2,1,100000,0,0,0,0,0,0,coarse,27-factorial,1,20261007,0.0781313530575533,100041.85166815364,0.00041851668153642096,0,314.7003639295285,59.938891474445896,1.305210863891289,1.3032870170473538,-0.0009481710779097874,-0.0010398113312864998,0.0036156855196318727,0.0021728374793095195,314.9990369058921,60.00128148682761,1.300508633656421,1.3004613259379632,1,1,2,5.6272611,True,1,1,True,0,34106686.662267774,0,0.9886284445926637,0.0010905552801458503,0,0.0002379,5.627499,0,True,1,1,Tikhonov-lsqlin,validated
ds00010,M2,2,1,100000,0,0,0,0,0,0,coarse,27-factorial,1,20261007,2.0335984723568975e-15,99999.99999999993,-7.275957614183426e-16,0,314.9990369058932,60.00128148682766,1.300508633656386,1.3004613259379545,3.3306690738754696e-15,8.881784197001252e-16,-2.6978419498391304e-14,-6.661338147750939e-15,314.9990369058921,60.00128148682761,1.300508633656421,1.3004613259379632,1,1,43,7.3459604,True,1,1,True,0,nan,0,2.8902479796266958e-24,6.181024664476879e-16,0,0,7.3459604,0,False,1,0,Lognormal-fit,validated
ds00010,M2,2,1,100000,0,0,0,0,0,0,coarse,27-factorial,1,20261007,0.06997468681703117,100061.31381333937,0.0006131381333936588,0,314.6337567602126,59.93042355633327,1.3057619203812534,1.3030350311314218,-0.0011596230555735998,-0.0011809402855820217,0.004039409342529776,0.0019790709205460555,314.9990369058921,60.00128148682761,1.300508633656421,1.3004613259379632,1,1,112345,2988.8485492,True,0,1,False,0,1281.401200761576,1,1.6339374857035989,0.0014533315523539898,0,0,2988.8485492,0,True,1,0,TGV2-ADMM,objective converged but measurement mismatch
ds00010,M2,2,1,100000,0,0,0,0,0,0,coarse,27-factorial,1,20261007,0.10513817078873891,100038.47440775656,0.00038474407756555594,0,314.8976525011408,59.786834001611716,1.3026392917118677,1.3134711124629233,-0.00032185623723557377,-0.0035740484186653765,0.001638326728716999,0.010003978023396254,314.9990369058921,60.00128148682761,1.300508633656421,1.3004613259379632,1,0,65500,473.8515937,False,1,0,False,0,1.5745297171481887,0,0.5779507753330388,0.0009843228776235786,0,0,473.8515937,0,True,1,0,TV-2D,iteration/stationarity not certified
ds00010,M2,2,1,100000,0,0,0,0,0,0,coarse,27-factorial,1,20261007,0.12719715730044326,100438.9872521486,0.004389872521485959,0,312.89416073298827,58.969113311849064,1.3329842622490604,1.3515372545903046,-0.006682167010982676,-0.017202435504733993,0.02497148250475889,0.03927523843548575,314.9990369058921,60.00128148682761,1.300508633656421,1.3004613259379632,1,1,123,49.955108,True,1,1,True,0,4.2206808713683985,0,0.9993030014394867,0.0011222268549946689,0,0,49.955108,0,True,1,1,Maximum Entropy,validated
ds00010,M2,2,1,100000,0,0,0,0,0,0,coarse,27-factorial,1,20261007,0.0390140412939243,100488.66292102462,0.004886629210246174,0,314.8033970599916,60.16570355261157,1.3120918895990084,1.3099682835761992,-0.0006210807747929481,0.00274030923522961,0.008906712068508682,0.007310450106141397,314.9990369058921,60.00128148682761,1.300508633656421,1.3004613259379632,1,0,3120,4441.8744452,False,0,0,False,0,3106.8350948976454,1,35.47335692322349,0.002558581545675339,0,0,4441.8744452,0,True,1,0,Bayesian GP-MAP,iteration/stationarity not certified
ds00010,M2,2,1,100000,0,0,0,0,0,0,coarse,27-factorial,1,20261007,0.10745201062939778,100061.78516292982,0.0006178516292982385,0,314.8695319794082,59.684477959924905,1.3036171202215054,1.3211079463978497,-0.0004111280077425672,-0.005279946012023973,0.002390208326679577,0.01587638174860384,314.9990369058921,60.00128148682761,1.300508633656421,1.3004613259379632,1,1,1279,583.8661094,True,1,0,False,0,7255098.813582624,0,0.14286114329135147,0.0005399361952409869,0,0,583.8661094,0,True,1,0,Huber-TV,parameter selection not bracketed
ds00010,M2,2,1,100000,0,0,0,0,0,0,coarse,27-factorial,1,20261007,0.33257901919391936,103534.66094714764,0.0353466094714764,0,301.22198146426916,56.102003301580304,1.4436034177384267,1.4146653418209971,-0.0437368176644265,-0.0649865817633134,0.11002986091656308,0.08781807932709107,314.9990369058921,60.00128148682761,1.300508633656421,1.3004613259379632,1,0,247,180.9855288,False,0,1,False,0,4.102620641407182,0,506.7234552344538,0.01934856719667037,0,0,180.9855288,0,True,0,0,POCS-CDMA,iteration/stationarity not certified
ds00011,M2,2,1,100000,0,0,0.03,0,0,0,coarse,27-factorial,1,20261007,2.1953693014554854,100189.57447438201,0.001895744743820105,0,315.2549942299178,59.39107919756167,1.2986596362140337,1.3321624915875232,0.0008125654177861819,-0.010169820946239194,-0.0014217494559716215,0.024376861516197224,314.9990369058921,60.00128148682761,1.300508633656421,1.3004613259379632,1,0,3000,3967.5379821,False,1,1,False,0,1306.5034624938285,0,0.5867944652021098,0.02681182285211109,0,0,3967.5379821,0,True,0,0,POCS-PSS,iteration/stationarity not certified
ds00011,M2,2,1,100000,0,0,0.03,0,0,0,coarse,27-factorial,1,20261007,0.9999999997403318,0.1052137053380276,-0.9999989478629466,0,324.62537662389195,158.62790191116332,2.279654305780669,2.0081692219649128,0.030559902063687083,1.6437418998457178,0.7528944036083398,0.5441975719781689,314.9990369058921,60.00128148682761,1.300508633656421,1.3004613259379632,1,0,4000,32.7978036,False,0,1,False,0,4000,0,943.4196790604703,0.9999997726834245,0,0,32.7978036,0,True,0,0,Twomey-Markowski,iteration/stationarity not certified
ds00011,M2,2,1,100000,0,0,0.03,0,0,0,coarse,27-factorial,1,20261007,0.12337477963768212,99972.22019958771,-0.0002777980041228875,0,314.1032875058404,59.53894795829267,1.305430008899167,1.3116974493644828,-0.0028436575833701294,-0.007705394236228735,0.0037841926730692865,0.008640105785856944,314.9990369058921,60.00128148682761,1.300508633656421,1.3004613259379632,1,1,530,365.0106172,True,1,1,True,0,2668808.08158021,0,1.0010244449745584,0.037932027786979676,0,0,365.0106172,0,True,1,1,Tikhonov,validated
ds00011,M2,2,1,100000,0,0,0.03,0,0,0,coarse,27-factorial,1,20261007,0.12337478002121158,99972.22020761196,-0.0002777979238804255,0,314.1032875027379,59.53894795120209,1.305430008921231,1.311697449584286,-0.002843657593219362,-0.007705394354402539,0.0037841926900348266,0.008640105954876187,314.9990369058921,60.00128148682761,1.300508633656421,1.3004613259379632,1,1,2,3.2175388,True,1,1,True,0,2668808.08158021,0,1.0010244460735938,0.03793202783073074,0,0.000102,3.2176408,0,True,1,1,Tikhonov-lsqlin,validated
ds00011,M2,2,1,100000,0,0,0.03,0,0,0,coarse,27-factorial,1,20261007,0.0020233005404153457,99937.42823952647,-0.0006257176047352551,0,315.00050588107445,59.96213633671869,1.3004900851408785,1.3005665249067164,4.663427535467335e-06,-0.0006524052343366282,-1.4262508577500554e-05,8.089357726759339e-05,314.9990369058921,60.00128148682761,1.300508633656421,1.3004613259379632,1,1,99,14.3762448,True,1,1,True,0,nan,0,0.8501751632123737,0.03062300241592076,0,0,14.3762448,0,False,1,0,Lognormal-fit,validated
ds00011,M2,2,1,100000,0,0,0.03,0,0,0,coarse,27-factorial,1,20261007,0.10394275766005781,99962.46508104066,-0.00037534918959339846,0,314.04736535663494,59.31774666793686,1.305257868997881,1.3183686355075346,-0.003021188758559612,-0.011392003669801753,0.0036518291524965107,0.013769967020476948,314.9990369058921,60.00128148682761,1.300508633656421,1.3004613259379632,1,0,51500,1532.0546185,False,0,0,False,0,5.4632795084498895e-09,1,8.994212270068582,0.03913785246574237,0,0,1532.0546185,0,True,1,0,TGV2-ADMM,iteration/stationarity not certified
ds00011,M2,2,1,100000,0,0,0.03,0,0,0,coarse,27-factorial,1,20261007,0.7127417039685103,77369.90920595628,-0.22630090794043717,0,307.61115117828547,48.608337805985,1.3982547129892522,1.589986893369586,-0.023453677192714184,-0.18987833923753372,0.07515988498901005,0.2226329700522245,314.9990369058921,60.00128148682761,1.300508633656421,1.3004613259379632,1,0,51500,544.8402347,False,0,0,False,0,1.0845572669679091e-09,1,1402.9498752687143,0.501104915240362,0,0,544.8402347,0,True,0,0,TV-2D,iteration/stationarity not certified
ds00011,M2,2,1,100000,0,0,0.03,0,0,0,coarse,27-factorial,1,20261007,0.1835866418323516,99820.28808449321,-0.0017971191550679214,0,314.28834898577736,58.049566644685285,1.3075506970289192,1.3884883416565743,-0.002256159025422977,-0.03252788596808209,0.0054148532276168115,0.06768906845816525,314.9990369058921,60.00128148682761,1.300508633656421,1.3004613259379632,1,0,1580,2016.2163685,False,1,0,False,0,0.281730141552238,0,0.8507114045627029,0.0361786667865431,0,0,2016.2163685,0,True,0,0,Maximum Entropy,iteration/stationarity not certified
ds00011,M2,2,1,100000,0,0,0.03,0,0,0,coarse,27-factorial,1,20261007,0.9999116681720338,67.24675606125064,-0.9993275324393874,0,319.8159883394736,67.51198158785495,2.0257993820066638,1.8785084139992911,0.015291956067220003,0.1251756615010997,0.5576977573082809,0.4444938703920389,314.9990369058921,60.00128148682761,1.300508633656421,1.3004613259379632,1,0,3064,385.8944181,False,0,0,False,0,1308606599659675.8,1,1228.7222734213078,0.9996826926537792,0,0,385.8944181,0,True,0,0,Bayesian GP-MAP,iteration/stationarity not certified
ds00011,M2,2,1,100000,0,0,0.03,0,0,0,coarse,27-factorial,1,20261007,0.21309907060822597,99714.20200205433,-0.0028579799794567224,0,314.4839541876062,58.65473024272974,1.3038526407763884,1.3663729501546134,-0.0016351882321463673,-0.02244204141529016,0.0025713071281698863,0.05068326362501496,314.9990369058921,60.00128148682761,1.300508633656421,1.3004613259379632,1,0,1580,1873.1724487,False,1,0,False,0,1102246.2707649295,0,0.8426744670004293,0.03438132761160679,0,0,1873.1724487,0,True,0,0,Huber-TV,iteration/stationarity not certified
ds00011,M2,2,1,100000,0,0,0.03,0,0,0,coarse,27-factorial,1,20261007,0.4668305791266364,101533.01346810847,0.015330134681084746,0,277.12593872463697,52.388966540785894,1.692890011643247,1.4872094222661616,-0.12023242532189071,-0.12686920608042151,0.3017137816944999,0.14360142251328045,314.9990369058921,60.00128148682761,1.300508633656421,1.3004613259379632,1,0,327,180.264732,False,0,1,False,0,4.102620641407182,0,49217508876960.15,0.11027891884664633,0,0,180.264732,0,True,0,0,POCS-CDMA,iteration/stationarity not certified
ds00012,M2,2,1,100000,0,0,0.05,0,0,0,coarse,27-factorial,1,20261007,2.920756953238991,99990.28736965424,-9.712630345762591e-05,0,315.7670774239507,59.3649675548895,1.2962495942280343,1.331782801429553,0.00243823132160248,-0.01060500569604994,-0.003274902848135919,0.024084895772658932,314.9990369058921,60.00128148682761,1.300508633656421,1.3004613259379632,1,0,3000,3815.8686043,False,1,1,False,0,1306.5034624938285,0,0.6300913209924968,0.04601245393167222,0,0,3815.8686043,0,True,0,0,POCS-PSS,iteration/stationarity not certified
ds00012,M2,2,1,100000,0,0,0.05,0,0,0,coarse,27-factorial,1,20261007,0.9999999999056484,0.05914655719469851,-0.999999408534428,0,293.67976709230857,150.8996366449993,2.418455669424302,2.1640941786095773,-0.06768042855938261,1.5149402297037118,0.8596229250894993,0.6640972979713298,314.9990369058921,60.00128148682761,1.300508633656421,1.3004613259379632,1,0,4000,46.5575856,False,0,1,False,0,4000,0,341.28124070398314,0.9999998604948781,0,0,46.5575856,0,True,0,0,Twomey-Markowski,iteration/stationarity not certified
ds00012,M2,2,1,100000,0,0,0.05,0,0,0,coarse,27-factorial,1,20261007,0.14523338884960296,99719.9441003855,-0.0028005589961449732,0,313.7739466165317,59.20183470111375,1.307737251540889,1.319392056881377,-0.0038891874127425785,-0.013323828523385206,0.00555830057363349,0.014556934962875578,314.9990369058921,60.00128148682761,1.300508633656421,1.3004613259379632,1,1,357,288.2496287,True,1,1,True,0,1891779.0260577989,0,0.9755599065629721,0.06338016642787099,0,0,288.2496287,0,True,1,1,Tikhonov,validated
ds00012,M2,2,1,100000,0,0,0.05,0,0,0,coarse,27-factorial,1,20261007,0.14523338898582694,99719.94416677716,-0.0028005583322283927,0,313.77394655091894,59.20183467694537,1.3077372514290238,1.3193920572011426,-0.0038891876210377374,-0.013323828926183001,0.005558300487616963,0.014556935208761779,314.9990369058921,60.00128148682761,1.300508633656421,1.3004613259379632,1,0,2,5.4441916,False,1,1,False,0,1891779.0260577989,0,0.9755599074089586,0.06338016628817406,0,0.0001641,5.4443557,0,True,1,0,Tikhonov-lsqlin,iteration/stationarity not certified
ds00012,M2,2,1,100000,0,0,0.05,0,0,0,coarse,27-factorial,1,20261007,0.004498061206183707,99698.3967313143,-0.00301603268685707,0,315.0167722766192,59.93681899514689,1.3004645851865635,1.3006055203166027,5.6302936355834277e-05,-0.0010743519152147663,-3.387018641609618e-05,0.00011087940545673192,314.9990369058921,60.00128148682761,1.300508633656421,1.3004613259379632,1,1,103,16.4967784,True,1,1,True,0,nan,0,0.8583601509239358,0.05115496411435487,0,0,16.4967784,0,False,1,0,Lognormal-fit,validated
ds00012,M2,2,1,100000,0,0,0.05,0,0,0,coarse,27-factorial,1,20261007,0.12161858437466484,99427.03115662819,-0.005729688433718111,0,313.7651074783521,59.05496241857587,1.3079608021641809,1.3241582740004358,-0.003917248254662664,-0.01577164761821781,0.005730195336579813,0.018221955232218257,314.9990369058921,60.00128148682761,1.300508633656421,1.3004613259379632,1,0,51500,1743.805865,False,0,0,False,0,4.039041310805435e-09,1,10.746570522113075,0.06499495560660161,0,0,1743.805865,0,True,1,0,TGV2-ADMM,iteration/stationarity not certified
ds00012,M2,2,1,100000,0,0,0.05,0,0,0,coarse,27-factorial,1,20261007,0.8413783448314495,43902.5004469447,-0.560974995530553,0,310.6639511555693,49.804645446742555,1.466604165671578,1.6339636829264035,-0.013762219062333103,-0.1699403043970581,0.127715824191166,0.2564492694528231,314.9990369058921,60.00128148682761,1.300508633656421,1.3004613259379632,1,0,51500,412.9603874,False,0,0,False,0,8.018208840390326e-08,0,182.63395016047107,0.7284473903322841,0,0,412.9603874,0,True,0,0,TV-2D,iteration/stationarity not certified
ds00012,M2,2,1,100000,0,0,0.05,0,0,0,coarse,27-factorial,1,20261007,0.2010264346465104,99386.92225161286,-0.006130777483871352,0,314.31453982770034,57.76925591927346,1.308853277266447,1.3972202089214614,-0.002173013241295374,-0.0371996316119374,0.00641644614581649,0.07440350670460005,314.9990369058921,60.00128148682761,1.300508633656421,1.3004613259379632,1,0,1580,1568.0968469,False,1,0,False,0,0.15994058784097176,0,0.8282804777043782,0.05835685502380204,0,0,1568.0968469,0,True,0,0,Maximum Entropy,iteration/stationarity not certified
ds00012,M2,2,1,100000,0,0,0.05,0,0,0,coarse,27-factorial,1,20261007,0.9999447823474107,43.71336591174382,-0.9995628663408826,0,329.92484835815935,66.07255300813311,2.0575352951582584,1.8917526914701395,0.047383673292710426,0.1011856975527825,0.5821004504779279,0.45467816207891065,314.9990369058921,60.00128148682761,1.300508633656421,1.3004613259379632,1,0,3064,338.9391532,False,0,0,False,0,1402966929190961.0,1,320.6726598212535,0.9997944452187343,0,0,338.9391532,0,True,0,0,Bayesian GP-MAP,iteration/stationarity not certified
ds00012,M2,2,1,100000,0,0,0.05,0,0,0,coarse,27-factorial,1,20261007,0.21709466073815523,99273.41145071934,-0.007265885492806556,0,314.43957111689065,58.47690017566298,1.3044982344546807,1.3717110009094138,-0.0017760873001292365,-0.02540581256584129,0.0030677234237521667,0.05478799988155081,314.9990369058921,60.00128148682761,1.300508633656421,1.3004613259379632,1,0,1580,1971.8817003,False,1,0,False,0,625754.5458244083,0,0.8323760537876388,0.05618358303163918,0,0,1971.8817003,0,True,0,0,Huber-TV,iteration/stationarity not certified
ds00012,M2,2,1,100000,0,0,0.05,0,0,0,coarse,27-factorial,1,20261007,0.5164852957281248,95916.80926664505,-0.04083190733354946,0,274.60166168461706,52.03410798792955,1.7244164540462945,1.4991496820180368,-0.12824602772783722,-0.13278338897890263,0.3259554065381658,0.15278297948366037,314.9990369058921,60.00128148682761,1.300508633656421,1.3004613259379632,1,0,248,180.8796839,False,0,1,False,0,4.102620641407182,0,48070358456840.31,0.173740216947504,0,0,180.8796839,0,True,0,0,POCS-CDMA,iteration/stationarity not certified
ds00013,M2,2,1,100000,427.8159891773961,0.03,0,0,0,0,coarse,27-factorial,1,20261007,0.39752050262329736,104250.0864416328,0.042500864416327964,0,307.8004654165236,57.88486990072323,1.520340080761569,1.4682216354847801,-0.022852677773485208,-0.03527277307517185,0.16903497709744908,0.12900061401350715,314.9990369058921,60.00128148682761,1.300508633656421,1.3004613259379632,1,1,163,9.478136,True,1,1,True,0,1306.5034624938285,0,1.0657476145120137,0.08940522437681786,0,0,9.478136,0.1895424836601307,True,0,0,POCS-PSS,validated
ds00013,M2,2,1,100000,427.8159891773961,0.03,0,0,0,0,coarse,27-factorial,1,20261007,0.3261455419274692,103035.37411055833,0.030353741105583323,0,308.5120706212124,58.7618569234022,1.4456591294116798,1.4483330292106655,-0.02059360672463817,-0.02065663487033198,0.11161055912959505,0.11370711325540528,314.9990369058921,60.00128148682761,1.300508633656421,1.3004613259379632,1,1,53,0.5147705,True,1,1,True,0,53,0,0.9999999999999958,0.08660355361315229,0,0,0.5147705,0.1895424836601307,True,0,0,Twomey-Markowski,validated
ds00013,M2,2,1,100000,427.8159891773961,0.03,0,0,0,0,coarse,27-factorial,1,20261007,0.108684337456868,100951.9283153045,0.009519283153044962,0,312.16663193107627,60.42419189518869,1.3556756945101367,1.3793755070118205,-0.008991789316683096,0.007048356266422973,0.042419603704291875,0.06068168233833493,314.9990369058921,60.00128148682761,1.300508633656421,1.3004613259379632,1,1,188,29.4729291,True,1,1,True,0,24215.838625118908,0,0.9996629717621118,0.08658895846176971,0,0,29.4729291,0.1895424836601307,True,0,0,Tikhonov,validated
ds00013,M2,2,1,100000,427.8159891773961,0.03,0,0,0,0,coarse,27-factorial,1,20261007,0.10868433745657916,100951.92831528673,0.009519283152867283,0,312.16663193119325,60.42419189521193,1.3556756945093296,1.3793755070119578,-0.008991789316311727,0.007048356266810218,0.04241960370367126,0.0606816823384404,314.9990369058921,60.00128148682761,1.300508633656421,1.3004613259379632,1,1,2,5.5853456999999995,True,1,1,True,0,24215.838625118908,0,0.9996629717620448,0.08658895846176683,0,0.0001236,5.5854693,0.1895424836601307,True,0,0,Tikhonov-lsqlin,validated
ds00013,M2,2,1,100000,427.8159891773961,0.03,0,0,0,0,coarse,27-factorial,1,20261007,0.006700202032094101,99793.21262101644,-0.002067873789835576,0,314.7488760635057,60.07656817527975,1.3005919975571225,1.2986410676842,-0.0007941638325109635,0.001254751341747129,6.410099752041098e-05,-0.001399701949960197,314.9990369058921,60.00128148682761,1.300508633656421,1.3004613259379632,1,1,40,6.08679,True,1,1,True,0,nan,0,1.0319416003332622,0.08797580978102008,0,0,6.08679,0.1895424836601307,False,1,0,Lognormal-fit,validated
ds00013,M2,2,1,100000,427.8159891773961,0.03,0,0,0,0,coarse,27-factorial,1,20261007,0.11043542035476835,100484.09814318997,0.004840981431899709,0,313.5189194687614,60.64999879394678,1.3329195024766016,1.3680913333050726,-0.004698799881006965,0.010811724200617157,0.024921686778084817,0.05200462791027727,314.9990369058921,60.00128148682761,1.300508633656421,1.3004613259379632,1,1,33915,1075.7526606,True,1,1,True,0,0.2694062393373591,0,0.9984847579666961,0.08653791606720021,0,0,1075.7526606,0.1895424836601307,True,0,0,TGV2-ADMM,validated
ds00013,M2,2,1,100000,427.8159891773961,0.03,0,0,0,0,coarse,27-factorial,1,20261007,0.20640987934293195,100864.13438532458,0.00864134385324578,0,313.67351806994446,59.8361466780873,1.342134236921276,1.38322580989779,-0.004208009170338145,-0.0027521880307932456,0.03200717180002366,0.06364240312962233,314.9990369058921,60.00128148682761,1.300508633656421,1.3004613259379632,1,0,68000,713.7120129,False,1,0,False,0,0.005886720074842465,1,1.008055305354299,0.08695166302191587,0,0,713.7120129,0.1895424836601307,True,0,0,TV-2D,iteration/stationarity not certified
ds00013,M2,2,1,100000,427.8159891773961,0.03,0,0,0,0,coarse,27-factorial,1,20261007,0.32189729859048644,105257.68458717244,0.05257684587172436,0,300.14724205723996,57.49165774298943,1.5452609804653998,1.4914198109574863,-0.04714869922948117,-0.04182616906922443,0.1881974025200046,0.1468390341264425,314.9990369058921,60.00128148682761,1.300508633656421,1.3004613259379632,1,1,370,269.0541127,True,1,1,True,0,0.02061973867035857,0,0.9894169666190809,0.08614407054907251,0,0,269.0541127,0.1895424836601307,True,0,0,Maximum Entropy,validated
ds00013,M2,2,1,100000,427.8159891773961,0.03,0,0,0,0,coarse,27-factorial,1,20261007,0.13501388545527038,100871.53471724538,0.008715347172453767,0,313.57224111720745,60.57344598538028,1.3447654734086731,1.3644548086760555,-0.004529524289024867,0.009535871307653432,0.0340304082625138,0.04920829359684098,314.9990369058921,60.00128148682761,1.300508633656421,1.3004613259379632,1,1,1344,215.7621678,True,1,1,True,0,47358.20434531574,0,1.0156902046564693,0.08728032302275186,0,0,215.7621678,0.1895424836601307,True,1,1,Bayesian GP-MAP,validated
ds00013,M2,2,1,100000,427.8159891773961,0.03,0,0,0,0,coarse,27-factorial,1,20261007,3.26624233110907,102534.04882206873,0.025340488220687258,0,304.9448866095202,58.395578518498866,1.4328613776641883,1.4729423724436654,-0.031918035036328285,-0.026761144571241346,0.10176998489864175,0.13263066195474882,314.9990369058921,60.00128148682761,1.300508633656421,1.3004613259379632,1,1,1629,255.1134448,True,1,0,False,0,16.075599970878006,0,0.895422534617329,0.08195014432492204,0,0,255.1134448,0.1895424836601307,True,0,0,Huber-TV,parameter selection not bracketed
ds00013,M2,2,1,100000,427.8159891773961,0.03,0,0,0,0,coarse,27-factorial,1,20261007,0.7127621583395227,109082.90114171435,0.09082901141714349,0,268.4081097962951,60.68989983776551,2.3118489406152256,1.8949126656839501,-0.14790815733038687,0.011476727394382102,0.7776498216050971,0.45710804918957226,314.9990369058921,60.00128148682761,1.300508633656421,1.3004613259379632,1,1,130,35.8850237,True,1,1,True,0,4.102620641407182,0,4.4434892956701875,0.18255670226782839,0,0,35.8850237,0.1895424836601307,True,0,0,POCS-CDMA,validated
ds00014,M2,2,1,100000,427.8159891773961,0.03,0.03,0,0,0,coarse,27-factorial,1,20261007,0.39766115131480817,104144.04149695353,0.04144041496953534,0,307.6210652498342,57.64598556795494,1.522587815629452,1.4673771822241288,-0.023422203853474488,-0.03925409358781351,0.17076332769021918,0.1283512650141878,314.9990369058921,60.00128148682761,1.300508633656421,1.3004613259379632,1,1,166,10.4097166,True,1,1,True,0,1306.5034624938285,0,1.0661476625682704,0.09405213843241321,0,0,10.4097166,0.18872549019607843,True,0,0,POCS-PSS,validated
ds00014,M2,2,1,100000,427.8159891773961,0.03,0.03,0,0,0,coarse,27-factorial,1,20261007,0.3258212471880583,103040.12883609626,0.030401288360962644,0,307.8939492461067,58.595427834061425,1.4513886805294578,1.448898520008428,-0.022555902803944594,-0.023430393783753,0.11601618241382416,0.11414195186727594,314.9990369058921,60.00128148682761,1.300508633656421,1.3004613259379632,1,1,48,0.5039943,True,1,1,True,0,48,0,0.9999999999999949,0.09095606811530281,0,0,0.5039943,0.18872549019607843,True,0,0,Twomey-Markowski,validated
ds00014,M2,2,1,100000,427.8159891773961,0.03,0.03,0,0,0,coarse,27-factorial,1,20261007,0.10450519263230859,100814.90248641715,0.008149024864171515,0,312.48774759361953,60.47922191960334,1.360480503089976,1.371517546924375,-0.00797237139814766,0.00796550375145988,0.04611416478254515,0.054639241912989744,314.9990369058921,60.00128148682761,1.300508633656421,1.3004613259379632,1,1,189,31.1235784,True,1,1,True,0,26700.870875418088,0,0.997697011903747,0.09084847919032948,0,0,31.1235784,0.18872549019607843,True,0,0,Tikhonov,validated
ds00014,M2,2,1,100000,427.8159891773961,0.03,0.03,0,0,0,coarse,27-factorial,1,20261007,0.1045051926325189,100814.90248643726,0.008149024864372623,0,312.48774759352074,60.47922191956999,1.3604805030900389,1.3715175469235268,-0.007972371398461298,0.007965503750904102,0.04611416478259356,0.0546392419123376,314.9990369058921,60.00128148682761,1.300508633656421,1.3004613259379632,1,1,2,5.425992,True,1,1,True,0,26700.870875418088,0,0.997697011903716,0.0908484791903292,0,3.1543076,8.5802996,0.18872549019607843,True,0,0,Tikhonov-lsqlin,validated
ds00014,M2,2,1,100000,427.8159891773961,0.03,0.03,0,0,0,coarse,27-factorial,1,20261007,0.03324637181086748,99599.39585489963,-0.004006041451003694,0,314.79364801743685,60.057457397791666,1.2971958244578161,1.2941510514089225,-0.0006520302108626863,0.0009362451863030863,-0.0025473181129839206,-0.004852335400661989,314.9990369058921,60.00128148682761,1.300508633656421,1.3004613259379632,1,1,41,6.1420298,True,1,1,True,0,nan,0,1.0283242144968672,0.09224108450008105,0,0,6.1420298,0.18872549019607843,False,1,0,Lognormal-fit,validated
ds00014,M2,2,1,100000,427.8159891773961,0.03,0.03,0,0,0,coarse,27-factorial,1,20261007,0.1159082773218432,100321.08824182168,0.003210882418216788,0,314.5626911264432,60.73437219424246,1.3261882355545462,1.350333361624173,-0.0013852289319198352,0.012217917505241926,0.01974581424032995,0.03834949543788979,314.9990369058921,60.00128148682761,1.300508633656421,1.3004613259379632,1,1,30704,1302.4051425,True,1,1,True,0,0.7705700728263435,1,1.0077340235976575,0.09130489601765221,0,0,1302.4051425,0.18872549019607843,True,1,1,TGV2-ADMM,validated
ds00014,M2,2,1,100000,427.8159891773961,0.03,0.03,0,0,0,coarse,27-factorial,1,20261007,0.19025978734280932,100567.57826031123,0.005675782603112312,0,314.13836784618303,60.13852165630723,1.3351657981397496,1.373591174195747,-0.0027322910830557268,0.00228728730585126,0.026648930723273123,0.05623377396866336,314.9990369058921,60.00128148682761,1.300508633656421,1.3004613259379632,1,0,70500,817.6101537,False,1,0,False,0,0.0036275316180549165,0,0.9929937599117991,0.0906573068094798,0,0,817.6101537,0.18872549019607843,True,0,0,TV-2D,iteration/stationarity not certified
ds00014,M2,2,1,100000,427.8159891773961,0.03,0.03,0,0,0,coarse,27-factorial,1,20261007,0.2975181702201694,106576.31246242207,0.06576312462422065,0,296.84144353618774,56.67938807913879,1.5996279211592372,1.5120817073880484,-0.05764332979573228,-0.05536370766377863,0.23000176989354748,0.16272716245325713,314.9990369058921,60.00128148682761,1.300508633656421,1.3004613259379632,1,1,363,265.8292094,True,1,1,True,0,0.030702702974664767,0,1.0265719363902064,0.09204129636466325,0,0,265.8292094,0.18872549019607843,True,0,0,Maximum Entropy,validated
ds00014,M2,2,1,100000,427.8159891773961,0.03,0.03,0,0,0,coarse,27-factorial,1,20261007,0.1218120424219089,100715.97662581257,0.007159766258125746,0,313.37752863527896,60.52233270930592,1.3516108431817098,1.3622363667730135,-0.005147661042206875,0.008684001567411448,0.03929401789637743,0.04750240518724769,314.9990369058921,60.00128148682761,1.300508633656421,1.3004613259379632,1,1,1544,242.3099974,True,1,1,True,0,38410.89468562527,0,1.009998193801863,0.0914178736536017,0,0,242.3099974,0.18872549019607843,True,1,1,Bayesian GP-MAP,validated
ds00014,M2,2,1,100000,427.8159891773961,0.03,0.03,0,0,0,coarse,27-factorial,1,20261007,3.5573052407561687,102736.01347487533,0.027360134748753335,0,303.6992341748104,58.364140783464336,1.4418524116711675,1.4658517253098404,-0.035872499300553806,-0.02728509563121051,0.10868345996085704,0.12717825288082962,314.9990369058921,60.00128148682761,1.300508633656421,1.3004613259379632,1,1,1636,368.2591685,True,1,0,False,0,13.779322228609788,0,0.8959126444254413,0.08550163810271469,0,0,368.2591685,0.18872549019607843,True,0,0,Huber-TV,parameter selection not bracketed
ds00014,M2,2,1,100000,427.8159891773961,0.03,0.03,0,0,0,coarse,27-factorial,1,20261007,0.7284568996739534,107191.92797812508,0.0719192797812508,0,264.646433804329,60.52157436204783,2.361795292367013,1.9308228111098162,-0.15985002238786616,0.008671362716385467,0.8160550658758421,0.48472143892260866,314.9990369058921,60.00128148682761,1.300508633656421,1.3004613259379632,1,1,117,32.4408899,True,1,1,True,0,4.102620641407182,0,4.489711381511494,0.20083672285200704,0,0,32.4408899,0.18872549019607843,True,0,0,POCS-CDMA,validated
ds00015,M2,2,1,100000,427.8159891773961,0.03,0.05,0,0,0,coarse,27-factorial,1,20261007,0.40269024380937873,103776.67645513813,0.037766764551381345,0,306.8280134629155,57.31430159772556,1.5304211294277406,1.4714009447711294,-0.025939836271365313,-0.04478204169175848,0.17678659704466027,0.1314453689807924,314.9990369058921,60.00128148682761,1.300508633656421,1.3004613259379632,1,1,166,14.3021417,True,1,1,True,0,1306.5034624938285,0,1.0667696763930574,0.10295476248755832,0,0,14.3021417,0.1895424836601307,True,0,0,POCS-PSS,validated
ds00015,M2,2,1,100000,427.8159891773961,0.03,0.05,0,0,0,coarse,27-factorial,1,20261007,0.32669784483099606,102659.31790900794,0.026593179090079355,0,307.80631432444267,58.5706247065962,1.4502078117866852,1.4495605113728338,-0.022834109755066723,-0.023843770412561804,0.11510817710558374,0.11465099535146295,314.9990369058921,60.00128148682761,1.300508633656421,1.3004613259379632,1,1,48,0.7957828,True,1,1,True,0,48,0,0.9999999999999984,0.09890064625788518,0,0,0.7957828,0.1895424836601307,True,0,0,Twomey-Markowski,validated
ds00015,M2,2,1,100000,427.8159891773961,0.03,0.05,0,0,0,coarse,27-factorial,1,20261007,0.10082839558134928,100595.95606230981,0.0059595606230980775,0,312.34595908439223,60.39411603697022,1.3680971495946,1.3722097974014864,-0.008422495025889654,0.006547102668613025,0.05197083217214149,0.05517155338070068,314.9990369058921,60.00128148682761,1.300508633656421,1.3004613259379632,1,1,183,40.8369008,True,1,1,True,0,23908.87349354695,0,0.9993599867580403,0.09874715493090395,0,0,40.8369008,0.1895424836601307,True,0,0,Tikhonov,validated
ds00015,M2,2,1,100000,427.8159891773961,0.03,0.05,0,0,0,coarse,27-factorial,1,20261007,0.10082839558114186,100595.95606230962,0.005959560623096186,0,312.34595908431896,60.39411603697617,1.368097149595453,1.3722097974015404,-0.008422495026122245,0.006547102668712279,0.05197083217279741,0.0551715533807422,314.9990369058921,60.00128148682761,1.300508633656421,1.3004613259379632,1,1,2,7.1483419,True,1,1,True,0,23908.87349354695,0,0.9993599867580754,0.09874715493090376,0,0.0001066,7.1484485,0.1895424836601307,True,0,0,Tikhonov-lsqlin,validated
ds00015,M2,2,1,100000,427.8159891773961,0.03,0.05,0,0,0,coarse,27-factorial,1,20261007,0.04729106182250598,99307.03480571027,-0.006929651942897326,0,314.9074038497124,60.03430549071026,1.2952273164124695,1.292098447814958,-0.0002908994804549092,0.0005503883094546413,-0.004060962847361571,-0.006430701133671501,314.9990369058921,60.00128148682761,1.300508633656421,1.3004613259379632,1,1,42,7.0741463,True,1,1,True,0,nan,0,1.0302062693456016,0.10019498854703772,0,0,7.0741463,0.1895424836601307,False,1,0,Lognormal-fit,validated
ds00015,M2,2,1,100000,427.8159891773961,0.03,0.05,0,0,0,coarse,27-factorial,1,20261007,0.10931706640952003,100020.97647075552,0.00020976470755515038,0,314.3639021229515,60.708596565747875,1.330822605428288,1.3494964909455605,-0.0020163070629652946,0.011788332872116225,0.02330931989789109,0.03770597712487178,314.9990369058921,60.00128148682761,1.300508633656421,1.3004613259379632,1,1,28031,1063.5766788,True,1,1,True,0,0.500946474998655,1,1.0049900121634592,0.09899654833084992,0,0,1063.5766788,0.1895424836601307,True,1,1,TGV2-ADMM,validated
ds00015,M2,2,1,100000,427.8159891773961,0.03,0.05,0,0,0,coarse,27-factorial,1,20261007,0.19545070320848615,100266.27305947737,0.002662730594773748,0,314.1953462423209,60.30320906125446,1.3325808151476715,1.3698782324561125,-0.0025514067327492285,0.005032018766017998,0.024661259957251103,0.053378678114923694,314.9990369058921,60.00128148682761,1.300508633656421,1.3004613259379632,1,0,70500,598.7775024,False,1,0,False,0,0.0023582529883953898,0,0.9874252487148669,0.09817708670154117,0,0,598.7775024,0.1895424836601307,True,0,0,TV-2D,iteration/stationarity not certified
ds00015,M2,2,1,100000,427.8159891773961,0.03,0.05,0,0,0,coarse,27-factorial,1,20261007,0.315150265241847,105463.1426556013,0.05463142655601303,0,298.5894564049931,56.831822430046586,1.570716449415756,1.4970262577081552,-0.05209406562662444,-0.05282318940932673,0.20777087423067475,0.15115015560221967,314.9990369058921,60.00128148682761,1.300508633656421,1.3004613259379632,1,1,341,148.9420274,True,1,1,True,0,0.022649507304255672,0,1.0041953403044368,0.09896491783493912,0,0,148.9420274,0.1895424836601307,True,0,0,Maximum Entropy,validated
ds00015,M2,2,1,100000,427.8159891773961,0.03,0.05,0,0,0,coarse,27-factorial,1,20261007,0.11850960350404131,100494.89811579426,0.004948981157942617,0,313.12853106716534,60.407954104734266,1.358129164901384,1.3628059211958845,-0.005938131929227541,0.006777732205535347,0.04430615049664133,0.04794036855571626,314.9990369058921,60.00128148682761,1.300508633656421,1.3004613259379632,1,1,1484,182.4969963,True,1,1,True,0,34689.91092499251,0,1.011686679649872,0.09939544109983708,0,0,182.4969963,0.1895424836601307,True,1,1,Bayesian GP-MAP,validated
ds00015,M2,2,1,100000,427.8159891773961,0.03,0.05,0,0,0,coarse,27-factorial,1,20261007,3.681974470002882,102801.00785936599,0.028010078593659855,0,303.66624634660053,58.23070997888037,1.4459022562017718,1.4710335167984399,-0.03597722288489835,-0.02950889487811925,0.1117975065929182,0.1311628323414007,314.9990369058921,60.00128148682761,1.300508633656421,1.3004613259379632,1,1,1640,315.2582992,True,1,0,False,0,8.847836009996477,0,0.9015273224192786,0.09257735530847698,0,0,315.2582992,0.1895424836601307,True,0,0,Huber-TV,parameter selection not bracketed
ds00015,M2,2,1,100000,427.8159891773961,0.03,0.05,0,0,0,coarse,27-factorial,1,20261007,0.7467497590874531,103809.40345202413,0.03809403452024126,0,259.5215673760469,60.340384878629074,2.4044085711545415,1.9518735616792626,-0.176119489363453,0.0056516024891219985,0.8488216909367767,0.500908579708409,314.9990369058921,60.00128148682761,1.300508633656421,1.3004613259379632,1,1,130,50.5383434,True,1,1,True,0,4.102620641407182,0,4.492474741937162,0.22978920294750987,0,0,50.5383434,0.1895424836601307,True,0,0,POCS-CDMA,validated
ds00016,M2,2,1,100000,713.0266486289936,0.05,0,0,0,0,coarse,27-factorial,1,20261007,0.468587909962301,105467.46036620758,0.05467460366207583,0,306.5249167897668,57.995646936961236,1.6097293956197358,1.5244512867389957,-0.026902050874069938,-0.03342652857017192,0.23776909584516237,0.17223884811759316,314.9990369058921,60.00128148682761,1.300508633656421,1.3004613259379632,1,1,163,10.2419737,True,1,1,True,0,1306.5034624938285,0,1.0662858336584586,0.14802823371329318,0,0,10.2419737,0.20833333333333334,True,0,0,POCS-PSS,validated
ds00016,M2,2,1,100000,713.0266486289936,0.05,0,0,0,0,coarse,27-factorial,1,20261007,0.3754081716645002,104421.34664566339,0.044213466456633904,0,306.68643684736674,58.90957752410887,1.4905044367779268,1.4927540959684449,-0.026389287218706148,-0.018194677441321083,0.14609345774762472,0.14786504311598025,314.9990369058921,60.00128148682761,1.300508633656421,1.3004613259379632,1,1,43,0.4942186,True,1,1,True,0,43,0,0.9999999999999958,0.14335331405421078,0,0,0.4942186,0.20833333333333334,True,0,0,Twomey-Markowski,validated
ds00016,M2,2,1,100000,713.0266486289936,0.05,0,0,0,0,coarse,27-factorial,1,20261007,0.11862855323829757,101591.55005902937,0.015915500590293667,0,310.63865287797637,60.72559477278869,1.3813926515691466,1.4208891637262648,-0.0138425313002416,0.012071630272098233,0.06219414144550317,0.09260393630040675,314.9990369058921,60.00128148682761,1.300508633656421,1.3004613259379632,1,1,194,29.7416146,True,1,1,True,0,11765.956714326368,0,1.0020053983726678,0.14349698231362315,0,0,29.7416146,0.20833333333333334,True,0,0,Tikhonov,validated
ds00016,M2,2,1,100000,713.0266486289936,0.05,0,0,0,0,coarse,27-factorial,1,20261007,0.1186285532387973,101591.55005904802,0.015915500590480223,0,310.63865287786547,60.72559477276453,1.381392651570483,1.4208891637267462,-0.013842531300593652,0.012071630271695666,0.06219414144653079,0.0926039363007769,314.9990369058921,60.00128148682761,1.300508633656421,1.3004613259379632,1,1,2,4.8098312,True,1,1,True,0,11765.956714326368,0,1.0020053983726496,0.1434969823136219,0,9.48e-05,4.809926,0.20833333333333334,True,0,0,Tikhonov-lsqlin,validated
ds00016,M2,2,1,100000,713.0266486289936,0.05,0,0,0,0,coarse,27-factorial,1,20261007,0.011139998644497029,99658.22441023566,-0.0034177558976433648,0,314.57832802632885,60.12597322850561,1.3007456539784183,1.2974381456547839,-0.0013355878281271494,0.0020781513092411608,0.0001822520172978237,-0.0023246983381061126,314.9990369058921,60.00128148682761,1.300508633656421,1.3004613259379632,1,1,40,6.1017389,True,1,1,True,0,nan,0,1.0319410007765328,0.14562474285267316,0,0,6.1017389,0.20833333333333334,False,1,0,Lognormal-fit,validated
ds00016,M2,2,1,100000,713.0266486289936,0.05,0,0,0,0,coarse,27-factorial,1,20261007,0.15304037517500427,101415.3756676394,0.014153756676393969,0,310.57336417969145,60.50128115515419,1.3779740730648733,1.4277876800648084,-0.014049797642787354,0.00833314982508071,0.05956549414874357,0.0979086048829716,314.9990369058921,60.00128148682761,1.300508633656421,1.3004613259379632,1,1,29298,978.3811923,True,1,1,True,0,0.09927784529142435,0,0.9944608838780307,0.14295573740738277,0,0,978.3811923,0.20833333333333334,True,0,0,TGV2-ADMM,validated
ds00016,M2,2,1,100000,713.0266486289936,0.05,0,0,0,0,coarse,27-factorial,1,20261007,0.233850306930227,101054.15882107448,0.010541588210744812,0,312.85406856998355,60.49327135246341,1.3541619727925331,1.4190307488782787,-0.006809444108076379,0.008199655964744812,0.0412556577846499,0.0911748935361818,314.9990369058921,60.00128148682761,1.300508633656421,1.3004613259379632,1,0,68000,716.4374039,False,1,0,False,0,0.0021692923159522736,1,1.0009332550012577,0.14342019105317041,0,0,716.4374039,0.20833333333333334,True,0,0,TV-2D,iteration/stationarity not certified
ds00016,M2,2,1,100000,713.0266486289936,0.05,0,0,0,0,coarse,27-factorial,1,20261007,0.3633959710256026,107652.72101442868,0.0765272101442868,0,295.7778722824472,57.3390818083006,1.6313847100379941,1.556526833355783,-0.061019756797502045,-0.04436904700296207,0.2544205150344174,0.1969035928332059,314.9990369058921,60.00128148682761,1.300508633656421,1.3004613259379632,1,1,350,249.9643559,True,1,1,True,0,0.015596994024199189,0,1.0036715919135162,0.14361624037012524,0,0,249.9643559,0.20833333333333334,True,0,0,Maximum Entropy,validated
ds00016,M2,2,1,100000,713.0266486289936,0.05,0,0,0,0,coarse,27-factorial,1,20261007,0.21030244866572956,102174.18843097815,0.021741884309781453,0,313.3581026133598,60.54161646164471,1.3747723977841673,1.394833375469222,-0.0052093311416141486,0.00900539057546168,0.05710363023039022,0.07256813228428194,314.9990369058921,60.00128148682761,1.300508633656421,1.3004613259379632,1,1,720,22.9727213,True,1,1,True,0,75402.57399753018,0,1.0288526035607568,0.14540666640463984,0,0,22.9727213,0.20833333333333334,True,0,0,Bayesian GP-MAP,validated
ds00016,M2,2,1,100000,713.0266486289936,0.05,0,0,0,0,coarse,27-factorial,1,20261007,3.573784299099072,104107.3792424408,0.04107379242440802,0,301.3904573812559,58.58491687712384,1.4836380176087092,1.5180018208005008,-0.04320197184825647,-0.023605572657889207,0.1408136626032339,0.16727948038411355,314.9990369058921,60.00128148682761,1.300508633656421,1.3004613259379632,1,1,1638,260.6232313,True,1,0,False,0,24.97037672754956,0,0.9182538920547196,0.13736912323574627,0,0,260.6232313,0.20833333333333334,True,0,0,Huber-TV,parameter selection not bracketed
ds00016,M2,2,1,100000,713.0266486289936,0.05,0,0,0,0,coarse,27-factorial,1,20261007,0.8044484264957988,102674.00652199922,0.026740065219992247,0,233.07827341425016,59.04862241524521,2.5961038873372404,1.8695870910921306,-0.26006671098526657,-0.015877312083601658,0.9962219551270586,0.43763374873426786,314.9990369058921,60.00128148682761,1.300508633656421,1.3004613259379632,1,1,117,32.0986258,True,1,1,True,0,4.102620641407182,0,3.4731707526783384,0.26715961261313426,0,0,32.0986258,0.20833333333333334,True,0,0,POCS-CDMA,validated
ds00017,M2,2,1,100000,713.0266486289936,0.05,0.03,0,0,0,coarse,27-factorial,1,20261007,0.4700413265999767,105336.08618349541,0.05336086183495412,0,306.628555260581,57.84853385280626,1.611048821357806,1.522381877532079,-0.0265730388496771,-0.03587836093957342,0.23878364177275113,0.17064755957587185,314.9990369058921,60.00128148682761,1.300508633656421,1.3004613259379632,1,1,165,12.4690615,True,1,1,True,0,1306.5034624938285,0,1.0662311230571282,0.15064645731835952,0,0,12.4690615,0.20833333333333334,True,0,0,POCS-PSS,validated
ds00017,M2,2,1,100000,713.0266486289936,0.05,0.03,0,0,0,coarse,27-factorial,1,20261007,0.3739749200762966,104517.85108539338,0.04517851085393384,0,306.0752572390181,58.699435898122516,1.4971379557840474,1.49123497246886,-0.028329545875850015,-0.021696963072211917,0.15119416898817262,0.14669690111184241,314.9990369058921,60.00128148682761,1.300508633656421,1.3004613259379632,1,1,40,0.654311,True,1,1,True,0,40,0,0.9999999999999982,0.14575546347483964,0,0,0.654311,0.20833333333333334,True,0,0,Twomey-Markowski,validated
ds00017,M2,2,1,100000,713.0266486289936,0.05,0.03,0,0,0,coarse,27-factorial,1,20261007,0.11496712591263271,101424.82857653948,0.01424828576539483,0,311.1251573207719,60.81958948569896,1.3835773299347554,1.4111667932073435,-0.012298068029578002,0.013638175362154614,0.06387400600700666,0.08512784275959429,314.9990369058921,60.00128148682761,1.300508633656421,1.3004613259379632,1,1,183,41.2093056,True,1,1,True,0,13745.625428730122,0,0.998836150278437,0.14569295825006498,0,0,41.2093056,0.20833333333333334,True,0,0,Tikhonov,validated
ds00017,M2,2,1,100000,713.0266486289936,0.05,0.03,0,0,0,coarse,27-factorial,1,20261007,0.11496713442420096,101424.82872676325,0.01424828726763255,0,311.1251562369584,60.819589234669124,1.38357734252838,1.4111667950133495,-0.012298071470266403,0.013638171178413261,0.06387401569062146,0.08512784414833674,314.9990369058921,60.00128148682761,1.300508633656421,1.3004613259379632,1,1,2,7.5147322999999995,True,1,1,True,0,13745.625428730122,0,0.9988361505483764,0.14569295827175743,0,0.000115,7.5148473,0.20833333333333334,True,0,0,Tikhonov-lsqlin,validated
ds00017,M2,2,1,100000,713.0266486289936,0.05,0.03,0,0,0,coarse,27-factorial,1,20261007,0.03931027869314116,99474.64227252999,-0.005253577274700074,0,314.6092717291918,60.1082849933163,1.2971939260573682,1.292680422190518,-0.0012373535504388578,0.001783353685740563,-0.00254877784988905,-0.005983187344562713,314.9990369058921,60.00128148682761,1.300508633656421,1.3004613259379632,1,1,41,6.7685784,True,1,1,True,0,nan,0,1.0273021527676265,0.1477698191229208,0,0,6.7685784,0.20833333333333334,False,1,0,Lognormal-fit,validated
ds00017,M2,2,1,100000,713.0266486289936,0.05,0.03,0,0,0,coarse,27-factorial,1,20261007,0.1313599575405541,100547.27505864369,0.005472750586436887,0,314.13611861991274,61.29313303288362,1.3360110043197975,1.3808209404238845,-0.0027394315057451823,0.021530399252216226,0.027298835043916947,0.06179315976810118,314.9990369058921,60.00128148682761,1.300508633656421,1.3004613259379632,1,1,28098,1072.2583945,True,1,1,True,0,0.3752620977482563,1,1.006526331018665,0.14625913455854272,0,0,1072.2583945,0.20833333333333334,True,0,0,TGV2-ADMM,validated
ds00017,M2,2,1,100000,713.0266486289936,0.05,0.03,0,0,0,coarse,27-factorial,1,20261007,0.22598829357298222,100849.5818446028,0.008495818446027988,0,313.02092870786265,60.69556015708982,1.3559054235498118,1.4097085602659574,-0.006279727765073906,0.011571064034934464,0.04259624923645511,0.08400652303074008,314.9990369058921,60.00128148682761,1.300508633656421,1.3004613259379632,1,0,70500,621.6516357,False,1,0,False,0,0.0017665818757357748,0,0.9930891982449841,0.14528492701058401,0,0,621.6516357,0.20833333333333334,True,0,0,TV-2D,iteration/stationarity not certified
ds00017,M2,2,1,100000,713.0266486289936,0.05,0.03,0,0,0,coarse,27-factorial,1,20261007,0.3678494606450704,107169.17910531613,0.07169179105316129,0,296.7205107118997,57.409837954693394,1.614334324613623,1.544212502314098,-0.05802724469742826,-0.04318980308284126,0.24130996352932388,0.18743439079230462,314.9990369058921,60.00128148682761,1.300508633656421,1.3004613259379632,1,1,358,156.7311688,True,1,1,True,0,0.013656231362919215,0,0.9929879242771432,0.14518069613201662,0,0,156.7311688,0.20833333333333334,True,0,0,Maximum Entropy,validated
ds00017,M2,2,1,100000,713.0266486289936,0.05,0.03,0,0,0,coarse,27-factorial,1,20261007,0.2003800680505513,101967.07400721792,0.01967074007217918,0,312.9555691298235,60.48917773182651,1.3793115551035737,1.392540759967701,-0.006487219123400445,0.008131430411298934,0.06059392410613662,0.07080520750074992,314.9990369058921,60.00128148682761,1.300508633656421,1.3004613259379632,1,1,580,15.4706487,True,1,1,True,0,68693.98786268866,0,1.0229811925919583,0.14746864943006827,0,0,15.4706487,0.20833333333333334,True,0,0,Bayesian GP-MAP,validated
ds00017,M2,2,1,100000,713.0266486289936,0.05,0.03,0,0,0,coarse,27-factorial,1,20261007,3.677698762044749,104431.88705011117,0.04431887050111167,0,299.98800913269565,58.65291106852916,1.4902393027586658,1.504711574927665,-0.04765420212278648,-0.022472360337744912,0.14588958826733123,0.1570598409317443,314.9990369058921,60.00128148682761,1.300508633656421,1.3004613259379632,1,1,1628,287.0179944,True,1,0,False,0,5.215245444031416,0,0.9146263897927203,0.13909775170532643,0,0,287.0179944,0.20833333333333334,True,0,0,Huber-TV,parameter selection not bracketed
ds00017,M2,2,1,100000,713.0266486289936,0.05,0.03,0,0,0,coarse,27-factorial,1,20261007,0.8096997419467643,100522.85975590927,0.005228597559092741,0,233.30465580326342,59.669595650443455,2.6101268646601676,1.9231741136027543,-0.2593480345371195,-0.005527979205860345,1.0070046419620557,0.4788399126099785,314.9990369058921,60.00128148682761,1.300508633656421,1.3004613259379632,1,1,114,35.5345702,True,1,1,True,0,4.102620641407182,0,3.47616396988273,0.2790425811467611,0,0,35.5345702,0.20833333333333334,True,0,0,POCS-CDMA,validated
ds00018,M2,2,1,100000,713.0266486289936,0.05,0.05,0,0,0,coarse,27-factorial,1,20261007,0.4720321877647867,104998.43429984183,0.04998434299841829,0,305.9712053070092,57.612158935921954,1.6174566170184077,1.5241461053887235,-0.028659870479477156,-0.039817858747402735,0.2437107875792237,0.17200417650976796,314.9990369058921,60.00128148682761,1.300508633656421,1.3004613259379632,1,1,165,6.7258792,True,1,1,True,0,1306.5034624938285,0,1.066351428337453,0.15588333902344922,0,0,6.7258792,0.20915032679738563,True,0,0,POCS-PSS,validated
ds00018,M2,2,1,100000,713.0266486289936,0.05,0.05,0,0,0,coarse,27-factorial,1,20261007,0.3788157771593895,104351.46361667797,0.043514636166779676,0,305.89654976710705,58.52937884244012,1.4990488231750807,1.4908077648784261,-0.028896872918073413,-0.024531186799912397,0.15266349209882413,0.14636839646359712,314.9990369058921,60.00128148682761,1.300508633656421,1.3004613259379632,1,1,38,0.4130083,True,1,1,True,0,38,0,0.9999999999999993,0.15040773306110805,0,0,0.4130083,0.20915032679738563,True,0,0,Twomey-Markowski,validated
ds00018,M2,2,1,100000,713.0266486289936,0.05,0.05,0,0,0,coarse,27-factorial,1,20261007,0.11882185835181973,101169.19512050704,0.011691951205070363,0,311.11609418311537,60.79384728452275,1.3914969611447505,1.4076238827213632,-0.012326839983122895,0.013209147839102986,0.06996364740194982,0.0824034937802618,314.9990369058921,60.00128148682761,1.300508633656421,1.3004613259379632,1,1,182,31.628703,True,1,1,True,0,16314.492233047773,0,1.000514136367786,0.15046683396859567,0,0,31.628703,0.20915032679738563,True,0,0,Tikhonov,validated
ds00018,M2,2,1,100000,713.0266486289936,0.05,0.05,0,0,0,coarse,27-factorial,1,20261007,0.11882185835207114,101169.1951205396,0.011691951205396036,0,311.11609418314384,60.79384728449759,1.3914969611432542,1.4076238827212388,-0.012326839983032523,0.013209147838683766,0.06996364740079919,0.08240349378016631,314.9990369058921,60.00128148682761,1.300508633656421,1.3004613259379632,1,1,2,5.1030486,True,1,1,True,0,16314.492233047773,0,1.0005141363677919,0.1504668339685964,0,9.62e-05,5.1031448,0.20915032679738563,True,0,0,Tikhonov-lsqlin,validated
ds00018,M2,2,1,100000,713.0266486289936,0.05,0.05,0,0,0,coarse,27-factorial,1,20261007,0.056466542674086975,99152.66757031539,-0.008473324296846113,0,314.7371154888536,60.09613871643221,1.294852510535588,1.2899923122639627,-0.0008314991042870368,0.0015809200612728613,-0.004349162300392284,-0.00805023068752131,314.9990369058921,60.00128148682761,1.300508633656421,1.3004613259379632,1,1,43,6.4489258,True,1,1,True,0,nan,0,1.0271634834481198,0.15246023759635985,0,0,6.4489258,0.20915032679738563,False,1,0,Lognormal-fit,validated
ds00018,M2,2,1,100000,713.0266486289936,0.05,0.05,0,0,0,coarse,27-factorial,1,20261007,0.12708260270387475,100261.32642198846,0.002613264219884586,0,314.07551837877446,61.301012000232106,1.3420381079177994,1.3818904470712963,-0.0029318138118421544,0.0216617125700862,0.03193325533304381,0.06261556534532242,314.9990369058921,60.00128148682761,1.300508633656421,1.3004613259379632,1,1,25924,707.3576061,True,1,1,True,0,0.28757758633346037,1,1.0037549099743315,0.15070683287229106,0,0,707.3576061,0.20915032679738563,True,0,0,TGV2-ADMM,validated
ds00018,M2,2,1,100000,713.0266486289936,0.05,0.05,0,0,0,coarse,27-factorial,1,20261007,0.2344721647720301,100582.4991515139,0.005824991515138972,0,312.8531738856289,60.851359249633234,1.3575479630351557,1.4054222182287828,-0.006812284384552947,0.014167660118930003,0.0438592469919763,0.08071050649285261,314.9990369058921,60.00128148682761,1.300508633656421,1.3004613259379632,1,0,70500,545.2079585,False,1,0,False,0,0.0013537987314278179,0,0.9889365806666006,0.149605102590362,0,0,545.2079585,0.20915032679738563,True,0,0,TV-2D,iteration/stationarity not certified
ds00018,M2,2,1,100000,713.0266486289936,0.05,0.05,0,0,0,coarse,27-factorial,1,20261007,0.3873610729485057,106420.80780419648,0.06420807804196477,0,297.77488211086836,57.508719830912554,1.596460428994122,1.5339071265394284,-0.05468002367311864,-0.04154180701060961,0.22756619039554016,0.1795099907589266,314.9990369058921,60.00128148682761,1.300508633656421,1.3004613259379632,1,1,352,170.5488013,True,1,1,True,0,0.011482988176983833,0,0.9851833858035589,0.14916194204504032,0,0,170.5488013,0.20915032679738563,True,0,0,Maximum Entropy,validated
ds00018,M2,2,1,100000,713.0266486289936,0.05,0.05,0,0,0,coarse,27-factorial,1,20261007,0.19503990702332388,101668.29124527,0.016682912452699965,0,312.5748015489426,60.40061245450361,1.3835359717963323,1.3917550645725543,-0.0076960087902546714,0.006655373981698576,0.06384220449692601,0.07020104082583556,314.9990369058921,60.00128148682761,1.300508633656421,1.3004613259379632,1,1,580,15.9265647,True,1,1,True,0,62850.69303765266,0,1.0218930255745642,0.15214977406313387,0,0,15.9265647,0.20915032679738563,True,0,0,Bayesian GP-MAP,validated
ds00018,M2,2,1,100000,713.0266486289936,0.05,0.05,0,0,0,coarse,27-factorial,1,20261007,3.825622345166924,104430.35193639332,0.044303519363933154,0,299.09350890298947,58.57635158544799,1.4986038902355758,1.5017729740662245,-0.05049389407388738,-0.023748324470243887,0.15232136984912104,0.15480018060749678,314.9990369058921,60.00128148682761,1.300508633656421,1.3004613259379632,1,1,1624,214.213414,True,1,0,False,0,20.35905313142222,0,0.9163338968600336,0.14322306151749575,0,0,214.213414,0.20915032679738563,True,0,0,Huber-TV,parameter selection not bracketed
ds00018,M2,2,1,100000,713.0266486289936,0.05,0.05,0,0,0,coarse,27-factorial,1,20261007,0.8158564702392976,96591.45909465107,-0.03408540905348927,0,232.01055527123464,60.27593564984133,2.6134467375059285,1.9617696876918536,-0.263456302755144,0.004577471617402296,1.0095573915246838,0.5085182839073812,314.9990369058921,60.00128148682761,1.300508633656421,1.3004613259379632,1,1,116,28.852751,True,1,1,True,0,4.102620641407182,0,3.4776264478407724,0.2999731556928213,0,0,28.852751,0.20915032679738563,True,0,0,POCS-CDMA,validated
ds00019,M3,3,1,100000,0,0,0,0,0,0,coarse,27-factorial,1,20261008,0.13165151344189502,100108.94776096611,0.0010894776096611167,0,399.39246818226195,74.7194125215746,1.3090820826915253,1.3117651732826023,-0.0012864564722911975,-0.0037388884356807095,0.0069916403188221565,0.008641553650961642,399.90693104201506,74.99982851308019,1.2999929992239645,1.3005266028694034,1,1,217,53.0540328,True,1,1,True,0,1306.5034624938285,0,1.065856592517764,0.001187135489604956,0,0,53.0540328,0,True,1,1,POCS-PSS,validated
ds00019,M3,3,1,100000,0,0,0,0,0,0,coarse,27-factorial,1,20261008,0.1244578277950658,100057.69068962794,0.0005769068962793972,0,399.6924673341265,74.80706382560784,1.306163559426993,1.3103099384947778,-0.0005362840482152631,-0.0025702017097110064,0.0047466103330648934,0.007522595542289734,399.90693104201506,74.99982851308019,1.2999929992239645,1.3005266028694034,1,1,338,2.0854294,True,1,1,True,0,338,0,0.999999999999466,0.0008377790312216988,0,0,2.0854294,0,True,1,1,Twomey-Markowski,validated
ds00019,M3,3,1,100000,0,0,0,0,0,0,coarse,27-factorial,1,20261008,0.07146388926852609,100035.16274183623,0.0003516274183623318,0,399.7483891983696,74.86903957116573,1.3013646095778386,1.306607669094602,-0.0003964468513520947,-0.0017438565461739275,0.0010550905694821644,0.004675849161241086,399.90693104201506,74.99982851308019,1.2999929992239645,1.3005266028694034,1,1,219,149.3411117,True,1,1,True,0,35120735.17775186,0,0.9819936944903246,0.0009171315211144838,0,0,149.3411117,0,True,1,1,Tikhonov,validated
ds00019,M3,3,1,100000,0,0,0,0,0,0,coarse,27-factorial,1,20261008,0.07146388926870065,100035.1627418361,0.0003516274183610221,0,399.7483891983678,74.8690395711628,1.3013646095778737,1.3066076690947668,-0.00039644685135653557,-0.0017438565462130073,0.0010550905695092538,0.004675849161367873,399.90693104201506,74.99982851308019,1.2999929992239645,1.3005266028694034,1,1,2,3.2109049,True,1,1,True,0,35120735.17775186,0,0.9819936945002828,0.0009171315211165301,0,0.0002208,3.2111257,0,True,1,1,Tikhonov-lsqlin,validated
ds00019,M3,3,1,100000,0,0,0,0,0,0,coarse,27-factorial,1,20261008,8.282799742996572e-16,100000.00000000001,1.4551915228366853e-16,0,399.90693104201506,74.99982851308019,1.2999929992239645,1.3005266028694034,0,0,0,0,399.90693104201506,74.99982851308019,1.2999929992239645,1.3005266028694034,1,1,36,5.3905269,True,1,1,True,0,nan,0,2.3971153953958574e-24,4.470163422539803e-16,0,0,5.3905269,0,False,1,0,Lognormal-fit,validated
ds00019,M3,3,1,100000,0,0,0,0,0,0,coarse,27-factorial,1,20261008,0.06172123158486273,100035.79642857805,0.000357964285780472,0,399.70477791331456,74.91038089881351,1.3019323321282328,1.3034074050444282,-0.0005055004377487737,-0.0011926375838455794,0.0014918025754184772,0.002215104380540067,399.90693104201506,74.99982851308019,1.2999929992239645,1.3005266028694034,1,1,115888,3001.5261808,True,0,1,False,0,1249.2916270232408,1,1.5111173666453905,0.001133591524496569,0,0,3001.5261808,0,True,1,0,TGV2-ADMM,objective converged but measurement mismatch
ds00019,M3,3,1,100000,0,0,0,0,0,0,coarse,27-factorial,1,20261008,0.0879280761815579,100021.12299963027,0.00021122999630271807,0,399.8428243131383,74.87248369329929,1.3009053310523144,1.3069542144834976,-0.00016030412053558152,-0.0016979348127268423,0.0007017974934437898,0.004942314597727426,399.90693104201506,74.99982851308019,1.2999929992239645,1.3005266028694034,1,0,65500,637.4970892,False,1,0,False,0,1.5350748781594927,0,0.5682754836450814,0.0007921082983517974,0,0,637.4970892,0,True,1,0,TV-2D,iteration/stationarity not certified
ds00019,M3,3,1,100000,0,0,0,0,0,0,coarse,27-factorial,1,20261008,0.06620106349097024,100355.64669343678,0.0035564669343677814,0,397.7660287981869,74.28045869117878,1.3288487464589722,1.3308272150905522,-0.0053535012215211175,-0.009591619556515996,0.02219684817705425,0.023298725419607313,399.90693104201506,74.99982851308019,1.2999929992239645,1.3005266028694034,1,1,88,58.1622126,True,1,1,True,0,5.3266966301850145,0,1.022900030085499,0.0011839665740962686,0,0,58.1622126,0,True,1,1,Maximum Entropy,validated
ds00019,M3,3,1,100000,0,0,0,0,0,0,coarse,27-factorial,1,20261008,0.03508183340775766,100663.219209464,0.0066321920946400496,0,398.54256339606815,74.91526786763693,1.3210054283316144,1.3259803041031006,-0.0034117129262847268,-0.0011274778505462324,0.016163494049732163,0.01957184203501705,399.90693104201506,74.99982851308019,1.2999929992239645,1.3005266028694034,1,0,3057,1551.031965,False,0,0,False,0,2688.3584787184086,1,51.81365186696058,0.0030069564295609865,0,0,1551.031965,0,True,1,0,Bayesian GP-MAP,iteration/stationarity not certified
ds00019,M3,3,1,100000,0,0,0,0,0,0,coarse,27-factorial,1,20261008,0.07663337750080906,100045.81940591318,0.00045819405913178344,0,399.70455825483026,74.80766404453982,1.3044471701786389,1.311061869629871,-0.0005060497117603813,-0.002562198772319224,0.003426303801123076,0.008100769901379312,399.90693104201506,74.99982851308019,1.2999929992239645,1.3005266028694034,1,1,1284,591.1427589,True,1,0,False,0,9210451.338946667,0,0.16465297369143947,0.0005082586556851086,0,0,591.1427589,0,True,1,0,Huber-TV,parameter selection not bracketed
ds00019,M3,3,1,100000,0,0,0,0,0,0,coarse,27-factorial,1,20261008,0.2988480622129103,103578.67560526586,0.0357867560526586,0,380.42527067228787,70.2474462076004,1.457929222936043,1.4154342474146127,-0.04871548567304129,-0.06336524229053342,0.12149005710519911,0.08835470515688337,399.90693104201506,74.99982851308019,1.2999929992239645,1.3005266028694034,1,0,243,181.2461054,False,0,1,False,0,4.102620641407182,0,645.3966579215429,0.0177372762208791,0,0,181.2461054,0,True,0,0,POCS-CDMA,iteration/stationarity not certified
ds00020,M3,3,1,100000,0,0,0.03,0,0,0,coarse,27-factorial,1,20261008,2.4888404450235404,100218.88336451627,0.0021888336451626675,0,399.64808129313826,74.5993385107363,1.3012215777600393,1.3185702787290279,-0.0006472749752106655,-0.005339878907510309,0.0009450655017435583,0.01387413054051656,399.90693104201506,74.99982851308019,1.2999929992239645,1.3005266028694034,1,0,3000,3809.8602334,False,1,1,False,0,1306.5034624938285,0,0.569238490905564,0.0255525728607729,0,0,3809.8602334,0,True,0,0,POCS-PSS,iteration/stationarity not certified
ds00020,M3,3,1,100000,0,0,0.03,0,0,0,coarse,27-factorial,1,20261008,0.9999999997069359,0.1466439229265649,-0.9999985335607707,0,215.4400705983188,116.15234913319878,2.4565306840949805,2.620422540039162,-0.4612744769465268,0.5487015295367172,0.889649163927356,1.014893454895594,399.90693104201506,74.99982851308019,1.2999929992239645,1.3005266028694034,1,0,4000,30.5109554,False,0,1,False,0,4000,0,948.8253874108308,0.9999995488216564,0,0,30.5109554,0,True,0,0,Twomey-Markowski,iteration/stationarity not certified
ds00020,M3,3,1,100000,0,0,0.03,0,0,0,coarse,27-factorial,1,20261008,0.11419267326200838,99839.26145718814,-0.0016073854281185777,0,398.7549259965417,74.28663809368338,1.3045457499446136,1.325668707998888,-0.0028806828690656205,-0.009509227334732251,0.003502134798700318,0.019332249777907373,399.90693104201506,74.99982851308019,1.2999929992239645,1.3005266028694034,1,1,505,373.4783164,True,1,0,False,0,2181636.6764864875,0,0.9303182145643124,0.03329954275385635,0,0,373.4783164,0,True,1,0,Tikhonov,parameter selection not bracketed
ds00020,M3,3,1,100000,0,0,0.03,0,0,0,coarse,27-factorial,1,20261008,0.11419267183783455,99839.2614580665,-0.0016073854193350418,0,398.7549260094369,74.28663810829025,1.3045457497750244,1.3256687075043387,-0.002880682836820192,-0.009509227139973486,0.0035021346682464483,0.01933224939763889,399.90693104201506,74.99982851308019,1.2999929992239645,1.3005266028694034,1,0,2,3.7377053,False,1,0,False,0,2181636.6764864875,0,0.9303181971056175,0.033299542360667844,0,9.85e-05,3.7378038,0,True,1,0,Tikhonov-lsqlin,iteration/stationarity not certified
ds00020,M3,3,1,100000,0,0,0.03,0,0,0,coarse,27-factorial,1,20261008,0.0018721491443531102,99882.6248670664,-0.001173751329335937,0,400.02940490029596,75.00110708625431,1.3001694320104211,1.3005694605720461,0.00030625590299671046,1.7047681301063378e-05,0.00013571825891522948,3.295411454740105e-05,399.90693104201506,74.99982851308019,1.2999929992239645,1.3005266028694034,1,1,100,14.174533,True,1,1,True,0,nan,0,0.8505591505126451,0.029470016924334985,0,0,14.174533,0,False,1,0,Lognormal-fit,validated
ds00020,M3,3,1,100000,0,0,0.03,0,0,0,coarse,27-factorial,1,20261008,0.123111677392281,99343.782622109,-0.006562173778909928,0,397.94274751816675,73.86717045354857,1.3087068259598054,1.331575298376036,-0.004911601603729054,-0.015102141991352402,0.00670297973992362,0.0238739410928841,399.90693104201506,74.99982851308019,1.2999929992239645,1.3005266028694034,1,0,51500,1561.8560724,False,0,0,False,0,1.0594665470900927e-08,1,3.4675489622088937,0.04364757029564601,0,0,1561.8560724,0,True,1,0,TGV2-ADMM,iteration/stationarity not certified
ds00020,M3,3,1,100000,0,0,0.03,0,0,0,coarse,27-factorial,1,20261008,0.7810823131790731,60344.266775166514,-0.39655733224833484,0,398.05892927370616,57.10626737102249,1.4209968948599156,1.703047283195325,-0.004621079618434387,-0.23858136074187164,0.09308042097779357,0.30950591817024287,399.90693104201506,74.99982851308019,1.2999929992239645,1.3005266028694034,1,0,51500,541.0357299,False,0,0,False,0,2.1032278157812604e-09,1,303.3476698299102,0.6309110909677726,0,0,541.0357299,0,True,0,0,TV-2D,iteration/stationarity not certified
ds00020,M3,3,1,100000,0,0,0.03,0,0,0,coarse,27-factorial,1,20261008,0.10827390213552107,100631.12266527613,0.006311226652761252,0,398.7606872301438,72.75128546672394,1.3056121938794847,1.377083242320514,-0.0028662764330804613,-0.029980642501923782,0.0043224807047996805,0.05886587731631221,399.90693104201506,74.99982851308019,1.2999929992239645,1.3005266028694034,1,0,1580,2087.6224257,False,1,0,False,0,0.28277804783502064,0,0.8716897936223407,0.03523732877909797,0,0,2087.6224257,0,True,0,0,Maximum Entropy,iteration/stationarity not certified
ds00020,M3,3,1,100000,0,0,0.03,0,0,0,coarse,27-factorial,1,20261008,0.999927482373127,50.690108824274574,-0.9994930989117573,0,357.9785246944544,84.82238643631392,1.814829082731699,1.9914894064874717,-0.10484541050166385,0.13096773843317044,0.3960298892494558,0.531294632569276,399.90693104201506,74.99982851308019,1.2999929992239645,1.3005266028694034,1,0,3064,523.5509887,False,0,0,False,0,1191596846011186.8,1,936.6919349788907,0.9997836352495567,0,0,523.5509887,0,True,0,0,Bayesian GP-MAP,iteration/stationarity not certified
ds00020,M3,3,1,100000,0,0,0.03,0,0,0,coarse,27-factorial,1,20261008,0.13225549804863376,99848.67099952878,-0.0015132900047121803,0,399.35057602320774,74.07688507209878,1.3036798279532218,1.3390395297255786,-0.0013912112434701918,-0.012305940683857042,0.0028360373720921483,0.029613332607885567,399.90693104201506,74.99982851308019,1.2999929992239645,1.3005266028694034,1,0,1580,1787.1005403,False,1,0,False,0,1106346.1202861369,0,0.8442059995655987,0.03299097431235266,0,0,1787.1005403,0,True,1,0,Huber-TV,iteration/stationarity not certified
ds00020,M3,3,1,100000,0,0,0.03,0,0,0,coarse,27-factorial,1,20261008,0.4601261658842914,102802.4792324487,0.028024792324487062,0,349.376205028067,64.04500169399239,1.7025669655857611,1.5323906987928682,-0.12635621463794844,-0.14606469156362467,0.3096739494767393,0.17828477742161808,399.90693104201506,74.99982851308019,1.2999929992239645,1.3005266028694034,1,0,323,180.7117585,False,0,1,False,0,4.102620641407182,0,49875365842195.53,0.11048429699036849,0,0,180.7117585,0,True,0,0,POCS-CDMA,iteration/stationarity not certified
ds00021,M3,3,1,100000,0,0,0.05,0,0,0,coarse,27-factorial,1,20261008,2.772155992265685,100142.98177326523,0.0014298177326523,0,399.76159227292385,74.43103341531541,1.302034263427855,1.3255024558343969,-0.000363431483201615,-0.007583951977511272,0.0015702116896851859,0.01920441528061656,399.90693104201506,74.99982851308019,1.2999929992239645,1.3005266028694034,1,0,3000,3772.692717,False,1,1,False,0,1306.5034624938285,0,0.6188800364515237,0.04399086708255094,0,0,3772.692717,0,True,0,0,POCS-PSS,iteration/stationarity not certified
ds00021,M3,3,1,100000,0,0,0.05,0,0,0,coarse,27-factorial,1,20261008,0.999999999885801,0.09720163960699746,-0.9999990279836038,0,200.63802192433027,107.9078663371861,2.487890026669268,2.697018640032287,-0.4982882107055784,0.43877484091002494,0.9137718650442139,1.0737896741840944,399.90693104201506,74.99982851308019,1.2999929992239645,1.3005266028694034,1,0,4000,47.4403464,False,0,1,False,0,4000,0,343.0895047940913,0.999999685651494,0,0,47.4403464,0,True,0,0,Twomey-Markowski,iteration/stationarity not certified
ds00021,M3,3,1,100000,0,0,0.05,0,0,0,coarse,27-factorial,1,20261008,0.14662911900492112,99327.59168032886,-0.006724083196711436,0,398.0314150457365,73.73847509144274,1.3085554331666773,1.3402834036310538,-0.004689881196586532,-0.01681808407625185,0.006586523118066179,0.03056977125568472,399.90693104201506,74.99982851308019,1.2999929992239645,1.3005266028694034,1,1,446,440.1897402,True,1,1,True,0,2158604.014863926,0,0.9831841824950882,0.05951445061253673,0,0,440.1897402,0,True,1,1,Tikhonov,validated
ds00021,M3,3,1,100000,0,0,0.05,0,0,0,coarse,27-factorial,1,20261008,0.1466291189941664,99327.59167968274,-0.006724083203172631,0,398.03141504542856,73.73847509202444,1.308555433160212,1.340283403607423,-0.004689881197356582,-0.01681808406849572,0.006586523113092824,0.030569771237514587,399.90693104201506,74.99982851308019,1.2999929992239645,1.3005266028694034,1,1,2,4.9749008,True,1,1,True,0,2158604.014863926,0,0.9831841816718244,0.05951445061216929,0,0.0001039,4.9750047,0,True,1,1,Tikhonov-lsqlin,validated
ds00021,M3,3,1,100000,0,0,0.05,0,0,0,coarse,27-factorial,1,20261008,0.0047843527069343274,99607.93310708628,-0.003920668929137173,0,400.11049838465726,75.0015052857574,1.3002835782492834,1.300590601220478,0.0005090367954159181,2.235702014874441e-05,0.0002235235308900574,4.920956705811719e-05,399.90693104201506,74.99982851308019,1.2999929992239645,1.3005266028694034,1,1,109,17.5767392,True,1,1,True,0,nan,0,0.8582912570710965,0.04919412907080488,0,0,17.5767392,0,False,1,0,Lognormal-fit,validated
ds00021,M3,3,1,100000,0,0,0.05,0,0,0,coarse,27-factorial,1,20261008,0.13715546062865572,98711.38611341802,-0.012886138865819812,0,397.6576077203176,73.69368792210703,1.3109225590654112,1.335671697773615,-0.005624616997351062,-0.017415247699471226,0.008407398999818572,0.027023741634096154,399.90693104201506,74.99982851308019,1.2999929992239645,1.3005266028694034,1,0,51500,1573.8907355,False,0,0,False,0,6.1950844777572555e-09,1,11.934086783506908,0.06583507071841696,0,0,1573.8907355,0,True,1,0,TGV2-ADMM,iteration/stationarity not certified
ds00021,M3,3,1,100000,0,0,0.05,0,0,0,coarse,27-factorial,1,20261008,0.9172325947928884,28743.653570474053,-0.7125634642952595,0,389.9295020036646,56.09898559058612,1.5177105956628332,1.7698690667783743,-0.024949377627321523,-0.25201181518965354,0.16747597607743736,0.36088647696513254,399.90693104201506,74.99982851308019,1.2999929992239645,1.3005266028694034,1,0,51500,403.9945118,False,0,0,False,0,1.2298334506663563e-08,0,240.97748409278873,0.8388577315608281,0,0,403.9945118,0,True,0,0,TV-2D,iteration/stationarity not certified
ds00021,M3,3,1,100000,0,0,0.05,0,0,0,coarse,27-factorial,1,20261008,0.13293596790675086,100485.58167779446,0.0048558167779445644,0,398.45945554212824,72.11537851772962,1.3072044312167328,1.394273878551949,-0.0036195309146436205,-0.03845942120850998,0.005547285252361478,0.07208408922640053,399.90693104201506,74.99982851308019,1.2999929992239645,1.3005266028694034,1,0,1580,1507.7591201,False,1,0,False,0,0.16391627663365835,0,0.8484886333206599,0.057176848898847575,0,0,1507.7591201,0,True,0,0,Maximum Entropy,iteration/stationarity not certified
ds00021,M3,3,1,100000,0,0,0.05,0,0,0,coarse,27-factorial,1,20261008,0.9999617071201718,28.43882411203146,-0.9997156117588797,0,346.8545215585428,86.37646675461504,1.8304656792613194,2.0174663944565037,-0.13266189046845622,0.15168885672252874,0.40805810520058383,0.5512688398724699,399.90693104201506,74.99982851308019,1.2999929992239645,1.3005266028694034,1,0,3064,543.5542847,False,0,0,False,0,1181392481218364.5,1,338.64355020372574,0.9998813927826365,0,0,543.5542847,0,True,0,0,Bayesian GP-MAP,iteration/stationarity not certified
ds00021,M3,3,1,100000,0,0,0.05,0,0,0,coarse,27-factorial,1,20261008,0.15559228592792176,99479.09752676079,-0.005209024732392136,0,399.27335865182283,73.85544295457191,1.3053238556574658,1.3463691380560465,-0.0015842995982624508,-0.015258509001906506,0.004100680878038165,0.03524920988582547,399.90693104201506,74.99982851308019,1.2999929992239645,1.3005266028694034,1,0,1580,2240.3804895,False,1,0,False,0,641309.1034553482,0,0.8332996984365453,0.054007606269561505,0,0,2240.3804895,0,True,1,0,Huber-TV,iteration/stationarity not certified
ds00021,M3,3,1,100000,0,0,0.05,0,0,0,coarse,27-factorial,1,20261008,0.5228645826224654,98287.79366884528,-0.017122063311547246,0,343.41527721120485,62.67563103969065,1.7573395824247278,1.5571071184424181,-0.1412620023454284,-0.16432300870181538,0.35180695855575994,0.1972897094199466,399.90693104201506,74.99982851308019,1.2999929992239645,1.3005266028694034,1,0,250,180.2974335,False,0,1,False,0,4.102620641407182,0,58038913381842.414,0.17444326311086314,0,0,180.2974335,0,True,0,0,POCS-CDMA,iteration/stationarity not certified
ds00022,M3,3,1,100000,429.66375802804373,0.03,0,0,0,0,coarse,27-factorial,1,20261008,0.43281523222353985,105329.66047947074,0.05329660479470738,0,380.8731758928434,69.69818066181024,1.6134239154232954,1.4580934031532589,-0.047595462023067414,-0.07068879964632624,0.2411020031541975,0.12115615315842798,399.90693104201506,74.99982851308019,1.2999929992239645,1.3005266028694034,1,1,168,10.2907485,True,1,1,True,0,1306.5034624938285,0,1.0665609758209869,0.08584222887071949,0,0,10.2907485,0.16666666666666666,True,0,0,POCS-PSS,validated
ds00022,M3,3,1,100000,429.66375802804373,0.03,0,0,0,0,coarse,27-factorial,1,20261008,0.37349945447235694,104840.65595320039,0.04840655953200389,0,383.6268702745294,70.30112689032602,1.5440460980080903,1.446624679214203,-0.04070962392441069,-0.06264949821764865,0.18773416389920117,0.11233763002037622,399.90693104201506,74.99982851308019,1.2999929992239645,1.3005266028694034,1,1,45,0.5675883,True,1,1,True,0,45,0,0.9999999999999978,0.08312049881070585,0,0,0.5675883,0.16666666666666666,True,0,0,Twomey-Markowski,validated
ds00022,M3,3,1,100000,429.66375802804373,0.03,0,0,0,0,coarse,27-factorial,1,20261008,0.21466555526562678,101110.37288681658,0.01110372886816578,0,397.62832141516316,73.77180070363389,1.393152946334169,1.3522589935646232,-0.00569784979948873,-0.016373741564384092,0.07166188369154036,0.03977803343744046,399.90693104201506,74.99982851308019,1.2999929992239645,1.3005266028694034,1,1,191,29.2225467,True,1,1,True,0,187027.88834411345,0,0.9925369464559385,0.08280975157749003,0,0,29.2225467,0.16666666666666666,True,0,0,Tikhonov,validated
ds00022,M3,3,1,100000,429.66375802804373,0.03,0,0,0,0,coarse,27-factorial,1,20261008,0.2146655552654788,101110.3728868172,0.011103728868172038,0,397.628321415148,73.77180070363204,1.3931529463342585,1.3522589935646232,-0.0056978497995267,-0.01637374156440874,0.0716618836916092,0.03977803343744046,399.90693104201506,74.99982851308019,1.2999929992239645,1.3005266028694034,1,1,2,4.7930779999999995,True,1,1,True,0,187027.88834411345,0,0.9925369464559345,0.08280975157748986,0,0.0001224,4.7932004,0.16666666666666666,True,0,0,Tikhonov-lsqlin,validated
ds00022,M3,3,1,100000,429.66375802804373,0.03,0,0,0,0,coarse,27-factorial,1,20261008,0.03844143920151743,99911.96416717683,-0.0008803583282316685,0,399.66888249431577,75.02525516394536,1.3077658010016866,1.2974431071490902,-0.000595259869787812,0.0003390227867086093,0.005979110489334971,-0.002370959358701241,399.90693104201506,74.99982851308019,1.2999929992239645,1.3005266028694034,1,1,41,6.3507817,True,1,1,True,0,nan,0,0.9897199729092219,0.08269215462965156,0,0,6.3507817,0.16666666666666666,False,1,0,Lognormal-fit,validated
ds00022,M3,3,1,100000,429.66375802804373,0.03,0,0,0,0,coarse,27-factorial,1,20261008,0.1460487559715655,99987.90844062544,-0.00012091559374559437,0,401.4643458451956,74.66526586883538,1.3359727964924821,1.319550085985733,0.0038944431373633126,-0.004460845456286111,0.02767691617569934,0.014627523246627527,399.90693104201506,74.99982851308019,1.2999929992239645,1.3005266028694034,1,1,59682,2069.5037842,True,1,0,False,0,1.3341576954452994,0,0.9766264317873157,0.08214334382571457,0,0,2069.5037842,0.16666666666666666,True,1,0,TGV2-ADMM,parameter selection not bracketed
ds00022,M3,3,1,100000,429.66375802804373,0.03,0,0,0,0,coarse,27-factorial,1,20261008,0.23720386514219885,100103.93981793639,0.001039398179363925,0,403.0336096725068,74.35613891360425,1.358304938108742,1.3368406325837796,0.007818515729009157,-0.008582547616941216,0.04485557916049321,0.02792255816548095,399.90693104201506,74.99982851308019,1.2999929992239645,1.3005266028694034,1,0,70500,779.9493281,False,1,0,False,0,0.006280673743203864,0,0.9683043936277317,0.08179261475870632,0,0,779.9493281,0.16666666666666666,True,0,0,TV-2D,iteration/stationarity not certified
ds00022,M3,3,1,100000,429.66375802804373,0.03,0,0,0,0,coarse,27-factorial,1,20261008,0.307698234626716,107661.29527239734,0.07661295272397343,0,363.8130790596961,68.34519335841048,1.6836969775708104,1.5141067085015594,-0.09025562994937653,-0.08872867160635067,0.29515849591182364,0.16422586447745524,399.90693104201506,74.99982851308019,1.2999929992239645,1.3005266028694034,1,1,353,274.0113442,True,1,1,True,0,0.031098916329336344,0,0.9867228552077342,0.08256685351384628,0,0,274.0113442,0.16666666666666666,True,0,0,Maximum Entropy,validated
ds00022,M3,3,1,100000,429.66375802804373,0.03,0,0,0,0,coarse,27-factorial,1,20261008,0.1414666873385313,100516.1171594652,0.005161171594651969,0,397.6792167450758,74.2958467662603,1.370843584938454,1.338911452149525,-0.0055705818629715464,-0.00938644475296524,0.054500744047686345,0.02951485128826392,399.90693104201506,74.99982851308019,1.2999929992239645,1.3005266028694034,1,1,640,22.2484505,True,1,1,True,0,50996.82876730084,0,0.9756203088416883,0.08210102078543,0,0,22.2484505,0.16666666666666666,True,0,0,Bayesian GP-MAP,validated
ds00022,M3,3,1,100000,429.66375802804373,0.03,0,0,0,0,coarse,27-factorial,1,20261008,3.389962204886471,104755.79779234008,0.04755797792340076,0,367.60554919128094,69.93397174079561,1.628083263796595,1.4858046787790895,-0.08077224809924699,-0.06754491140471175,0.25237848570606536,0.14246388770587215,399.90693104201506,74.99982851308019,1.2999929992239645,1.3005266028694034,1,1,1636,345.4419505,True,1,0,False,0,16.630471403188515,0,0.8383059024512991,0.07610433628660092,0,0,345.4419505,0.16666666666666666,True,0,0,Huber-TV,parameter selection not bracketed
ds00022,M3,3,1,100000,429.66375802804373,0.03,0,0,0,0,coarse,27-factorial,1,20261008,0.7233255243411549,114055.32715482796,0.1405532715482796,0,297.41250185922036,67.0374081005649,2.3350713901067794,1.7843642943312021,-0.25629570589269535,-0.10616584824759456,0.7962184346382701,0.37203213713144234,399.90693104201506,74.99982851308019,1.2999929992239645,1.3005266028694034,1,1,137,57.0680226,True,1,1,True,0,4.102620641407182,0,4.4592976945389555,0.17552596679105614,0,0,57.0680226,0.16666666666666666,True,0,0,POCS-CDMA,validated
ds00023,M3,3,1,100000,429.66375802804373,0.03,0.03,0,0,0,coarse,27-factorial,1,20261008,0.43642327552363125,105154.32150694486,0.05154321506944863,0,381.54937301168997,69.41042257468064,1.615341483065286,1.4636961093729681,-0.04590457580340468,-0.07452558291416278,0.24257706313000904,0.12546418208097965,399.90693104201506,74.99982851308019,1.2999929992239645,1.3005266028694034,1,1,168,9.7139074,True,1,1,True,0,1306.5034624938285,0,1.0666582248961716,0.09117786794635535,0,0,9.7139074,0.16666666666666666,True,0,0,POCS-PSS,validated
ds00023,M3,3,1,100000,429.66375802804373,0.03,0.03,0,0,0,coarse,27-factorial,1,20261008,0.3770734279685535,104631.61572238662,0.04631615722386617,0,385.93612619310034,70.2865539142472,1.5365687672831068,1.4485024580051307,-0.03493514056511049,-0.06284380500964726,0.18198234005903657,0.11378149036647334,399.90693104201506,74.99982851308019,1.2999929992239645,1.3005266028694034,1,1,39,0.4325573,True,1,1,True,0,39,0,0.9999999999999971,0.08816026524063751,0,0,0.4325573,0.16666666666666666,True,0,0,Twomey-Markowski,validated
ds00023,M3,3,1,100000,429.66375802804373,0.03,0.03,0,0,0,coarse,27-factorial,1,20261008,0.24194405219722348,101171.58895005411,0.011715889500541088,0,399.253093968821,73.57447501779892,1.3926367997761726,1.3551566065179514,-0.0016349730960910636,-0.019004756724646188,0.07126484573956327,0.04200606394979989,399.90693104201506,74.99982851308019,1.2999929992239645,1.3005266028694034,1,1,188,29.9540372,True,1,1,True,0,264685.2039023906,0,0.9941803293541918,0.08814392324261897,0,0,29.9540372,0.16666666666666666,True,0,0,Tikhonov,validated
ds00023,M3,3,1,100000,429.66375802804373,0.03,0.03,0,0,0,coarse,27-factorial,1,20261008,0.2419440523097909,101171.5889512759,0.011715889512759023,0,399.25309397824014,73.57447501673897,1.3926367997598448,1.3551566065561056,-0.0016349730725377931,-0.019004756738778772,0.07126484572700331,0.04200606397913731,399.90693104201506,74.99982851308019,1.2999929992239645,1.3005266028694034,1,1,2,4.5246740999999995,True,1,1,True,0,264685.2039023906,0,0.9941803294069449,0.08814392324465506,0,0.0002766,4.5249507,0.16666666666666666,True,0,0,Tikhonov-lsqlin,validated
ds00023,M3,3,1,100000,429.66375802804373,0.03,0.03,0,0,0,coarse,27-factorial,1,20261008,0.027109622785390336,99731.7925589909,-0.002682074410091009,0,400.52321992548764,75.04262906238687,1.3061410556188382,1.2992545486251934,0.0015410807756364164,0.000570675295600287,0.004729299618185578,-0.000978107054022126,399.90693104201506,74.99982851308019,1.2999929992239645,1.3005266028694034,1,1,40,6.0337125,True,1,1,True,0,nan,0,0.9763224607459978,0.08743636693851024,0,0,6.0337125,0.16666666666666666,False,1,0,Lognormal-fit,validated
ds00023,M3,3,1,100000,429.66375802804373,0.03,0.03,0,0,0,coarse,27-factorial,1,20261008,0.23193402969965451,100665.81808163316,0.006658180816331587,0,402.759045066766,73.98755253485236,1.3734233568749037,1.3334385262887158,0.007131944468477647,-0.013497043903924255,0.056485194685489626,0.025306612987921584,399.90693104201506,74.99982851308019,1.2999929992239645,1.3005266028694034,1,1,64219,2130.633612,True,1,0,False,0,3.735364221928034,0,0.9954801100821368,0.08814171779232609,0,0,2130.633612,0.16666666666666666,True,0,0,TGV2-ADMM,parameter selection not bracketed
ds00023,M3,3,1,100000,429.66375802804373,0.03,0.03,0,0,0,coarse,27-factorial,1,20261008,0.29604595067301187,100894.32388577567,0.00894323885775666,0,404.3982255249065,73.3057383467686,1.41894592059411,1.3662544519677386,0.0112308493158364,-0.02258792053126002,0.0915027399694881,0.05053941146095542,399.90693104201506,74.99982851308019,1.2999929992239645,1.3005266028694034,1,0,70500,804.5001373,False,1,0,False,0,0.015975900849692744,1,1.0048932271114595,0.08865338956354693,0,0,804.5001373,0.16666666666666666,True,0,0,TV-2D,iteration/stationarity not certified
ds00023,M3,3,1,100000,429.66375802804373,0.03,0.03,0,0,0,coarse,27-factorial,1,20261008,0.29888702832733466,107740.47943293102,0.07740479432931024,0,363.9778962755827,67.99116786185286,1.6875237794511235,1.5194239218334529,-0.08984349101630751,-0.09344902235349772,0.29810220551841193,0.1683143724096745,399.90693104201506,74.99982851308019,1.2999929992239645,1.3005266028694034,1,1,237,138.0793245,True,1,1,True,0,0.03177515688361957,0,0.9896794680888069,0.08758221664994116,0,0,138.0793245,0.16666666666666666,True,0,0,Maximum Entropy,validated
ds00023,M3,3,1,100000,429.66375802804373,0.03,0.03,0,0,0,coarse,27-factorial,1,20261008,0.13146302542275023,100302.74731983722,0.003027473198372172,0,398.899345583016,74.37161612120471,1.3653176085443024,1.3385964775621804,-0.002519549877201821,-0.008376184377087204,0.05024997008394183,0.029272661250282717,399.90693104201506,74.99982851308019,1.2999929992239645,1.3005266028694034,1,1,620,23.1465377,True,1,1,True,0,39611.6017920843,0,0.9654346956535178,0.08685324836762981,0,0,23.1465377,0.16666666666666666,True,0,0,Bayesian GP-MAP,validated
ds00023,M3,3,1,100000,429.66375802804373,0.03,0.03,0,0,0,coarse,27-factorial,1,20261008,3.6586562254246697,104951.9961877517,0.04951996187751705,0,365.83636033749406,69.58030305043968,1.663741992535432,1.5004823479775569,-0.08519624957673333,-0.07226050472495849,0.2798084247596786,0.15374983077392135,399.90693104201506,74.99982851308019,1.2999929992239645,1.3005266028694034,1,1,1634,373.5915552,True,1,0,False,0,11.098037731085324,0,0.8386875490026929,0.08035655887144309,0,0,373.5915552,0.16666666666666666,True,0,0,Huber-TV,parameter selection not bracketed
ds00023,M3,3,1,100000,429.66375802804373,0.03,0.03,0,0,0,coarse,27-factorial,1,20261008,0.7350672036868229,111819.61656228223,0.1181961656228223,0,295.7336427079096,66.11444645697716,2.339323706506898,1.7858244549287374,-0.2604938305586927,-0.11847203163342424,0.7994894648689383,0.3731548827902498,399.90693104201506,74.99982851308019,1.2999929992239645,1.3005266028694034,1,1,113,38.7132203,True,1,1,True,0,4.102620641407182,0,4.3201798201986925,0.18901124836901084,0,0,38.7132203,0.16666666666666666,True,0,0,POCS-CDMA,validated
ds00024,M3,3,1,100000,429.66375802804373,0.03,0.05,0,0,0,coarse,27-factorial,1,20261008,0.44469050442926694,104673.06881036816,0.046730688103681604,0,381.63624101159496,69.06397163733868,1.6157759185545806,1.4694808091103322,-0.04568735526241863,-0.07914493930751154,0.24291124607526648,0.12991214933101602,399.90693104201506,74.99982851308019,1.2999929992239645,1.3005266028694034,1,1,166,13.3302921,True,1,1,True,0,1306.5034624938285,0,1.066795434109076,0.10084679997695316,0,0,13.3302921,0.16748366013071894,True,0,0,POCS-PSS,validated
ds00024,M3,3,1,100000,429.66375802804373,0.03,0.05,0,0,0,coarse,27-factorial,1,20261008,0.38916833240151827,104406.7653351305,0.04406765335130505,0,387.20273141132236,70.10323046524829,1.52955170966727,1.4520621256479265,-0.031767890587917735,-0.06528812325188083,0.1765845743633554,0.11651858750461863,399.90693104201506,74.99982851308019,1.2999929992239645,1.3005266028694034,1,1,35,0.7124192,True,1,1,True,0,35,0,0.9999999999999944,0.09664895427411778,0,0,0.7124192,0.16748366013071894,True,0,0,Twomey-Markowski,validated
ds00024,M3,3,1,100000,429.66375802804373,0.03,0.05,0,0,0,coarse,27-factorial,1,20261008,0.28836720227578866,101339.38698465584,0.013393869846558373,0,398.82066207852813,73.00489920299952,1.4132713468067528,1.3664251011444113,-0.002716304417771709,-0.026599118286420365,0.08713765970309861,0.05067062690575752,399.90693104201506,74.99982851308019,1.2999929992239645,1.3005266028694034,1,1,195,43.6602548,True,1,1,True,0,452532.3552743626,0,1.00927232316864,0.09781959954640583,0,0,43.6602548,0.16748366013071894,True,0,0,Tikhonov,validated
ds00024,M3,3,1,100000,429.66375802804373,0.03,0.05,0,0,0,coarse,27-factorial,1,20261008,0.2883672022758776,101339.38698466131,0.013393869846613088,0,398.82066207848953,73.00489920299297,1.4132713468073335,1.3664251011446522,-0.002716304417868187,-0.02659911828650774,0.08713765970354515,0.05067062690594293,399.90693104201506,74.99982851308019,1.2999929992239645,1.3005266028694034,1,1,2,6.614682800000001,True,1,1,True,0,452532.3552743626,0,1.0092723231686918,0.09781959954640845,0,0.0001114,6.6147942,0.16748366013071894,True,0,0,Tikhonov-lsqlin,validated
ds00024,M3,3,1,100000,429.66375802804373,0.03,0.05,0,0,0,coarse,27-factorial,1,20261008,0.022618513359025438,99402.36768729622,-0.005976323127037758,0,400.99968691001607,75.07191548332884,1.3048418800811394,1.300180116011937,0.0027325254532439835,0.0009611618010043621,0.0037299284381295816,-0.00026642043054081466,399.90693104201506,74.99982851308019,1.2999929992239645,1.3005266028694034,1,1,38,6.4686355,True,1,1,True,0,nan,0,0.9674966429834646,0.09567418761204355,0,0,6.4686355,0.16748366013071894,False,1,0,Lognormal-fit,validated
ds00024,M3,3,1,100000,429.66375802804373,0.03,0.05,0,0,0,coarse,27-factorial,1,20261008,0.20024156441749513,100118.86428263744,0.0011886428263744165,0,402.7381718074945,74.12430167646451,1.354659792838142,1.3309916291713724,0.007079749175895156,-0.011673717846741205,0.04205160616004178,0.023425146578895717,399.90693104201506,74.99982851308019,1.2999929992239645,1.3005266028694034,1,1,60480,2133.2598528,True,1,0,False,0,2.4613217897534896,0,0.975881744391759,0.0959096284242694,0,0,2133.2598528,0.16748366013071894,True,0,0,TGV2-ADMM,parameter selection not bracketed
ds00024,M3,3,1,100000,429.66375802804373,0.03,0.05,0,0,0,coarse,27-factorial,1,20261008,0.26086838036852267,100225.6386621557,0.0022563866215570307,0,405.16215956887544,73.61951906541914,1.3822417106840874,1.3570191348376486,0.013141128895083565,-0.018404168049801828,0.06326858029944904,0.04343819791429371,399.90693104201506,74.99982851308019,1.2999929992239645,1.3005266028694034,1,0,73000,688.3202418,False,1,0,False,0,0.01052690729365979,0,0.9777638222460525,0.09622321526846303,0,0,688.3202418,0.16748366013071894,True,0,0,TV-2D,iteration/stationarity not certified
ds00024,M3,3,1,100000,429.66375802804373,0.03,0.05,0,0,0,coarse,27-factorial,1,20261008,0.2995441075214292,107644.0874531616,0.076440874531616,0,363.5463822052346,67.56716548676712,1.6944995946876824,1.5259674265223617,-0.09092252725412342,-0.09910240028104578,0.30346824613611,0.17334579942890782,399.90693104201506,74.99982851308019,1.2999929992239645,1.3005266028694034,1,1,357,257.4991227,True,1,1,True,0,0.032912598296122794,0,0.9946505246115762,0.09641097582338362,0,0,257.4991227,0.16748366013071894,True,0,0,Maximum Entropy,validated
ds00024,M3,3,1,100000,429.66375802804373,0.03,0.05,0,0,0,coarse,27-factorial,1,20261008,0.2042937396368701,100516.09329307298,0.00516093293072976,0,400.65385000931775,73.89402480725735,1.3673977661186252,1.3439291293578268,0.0018677319879314425,-0.014744083123203189,0.05185009991199818,0.03337304011518305,399.90693104201506,74.99982851308019,1.2999929992239645,1.3005266028694034,1,1,660,22.5434448,True,1,1,True,0,138936.06216178762,0,0.9766408778957983,0.09608111870263848,0,0,22.5434448,0.16748366013071894,True,0,0,Bayesian GP-MAP,validated
ds00024,M3,3,1,100000,429.66375802804373,0.03,0.05,0,0,0,coarse,27-factorial,1,20261008,3.580585149852659,103956.22969649194,0.03956229696491937,0,371.375673915319,70.21406405679133,1.629441989414534,1.4887839989699319,-0.07134474276890812,-0.06381033865236385,0.253423664886838,0.14475474448978498,399.90693104201506,74.99982851308019,1.2999929992239645,1.3005266028694034,1,1,1663,343.5888942,True,1,0,False,0,8.012035100249681,0,0.8419249735714603,0.0879685087593113,0,0,343.5888942,0.16748366013071894,True,0,0,Huber-TV,parameter selection not bracketed
ds00024,M3,3,1,100000,429.66375802804373,0.03,0.05,0,0,0,coarse,27-factorial,1,20261008,0.7485280467502481,108283.45668201648,0.08283456682016477,0,292.71114952833807,65.9623601856781,2.373103581671133,1.8050061659569878,-0.26805182204360134,-0.1204998532206768,0.8254741241589498,0.3879040705315302,399.90693104201506,74.99982851308019,1.2999929992239645,1.3005266028694034,1,1,113,34.7542567,True,1,1,True,0,4.102620641407182,0,4.3659753232552045,0.21762906862842954,0,0,34.7542567,0.16748366013071894,True,0,0,POCS-CDMA,validated
ds00025,M3,3,1,100000,716.106263380073,0.05,0,0,0,0,coarse,27-factorial,1,20261008,0.5331934716988712,106678.25787271746,0.06678257872717455,0,370.5495663585456,68.24403233574645,1.739331970507104,1.499574579467257,-0.07341049230373342,-0.09007748832592999,0.3379548747919445,0.15305183004998613,399.90693104201506,74.99982851308019,1.2999929992239645,1.3005266028694034,1,1,165,12.16052,True,1,1,True,0,1306.5034624938285,0,1.0653592796687874,0.14237540641144217,0,0,12.16052,0.1830065359477124,True,0,0,POCS-PSS,validated
ds00025,M3,3,1,100000,716.106263380073,0.05,0,0,0,0,coarse,27-factorial,1,20261008,0.46365605378254293,106009.00623630067,0.06009006236300673,0,386.4835123195391,69.60990272035147,1.5923711923862045,1.4754958748769462,-0.03356635677080988,-0.07186584155707365,0.22490751360720873,0.1345372494661019,399.90693104201506,74.99982851308019,1.2999929992239645,1.3005266028694034,1,1,33,0.6213639,True,1,1,True,0,33,0,0.9999999999999987,0.13793895458950853,0,0,0.6213639,0.1830065359477124,True,0,0,Twomey-Markowski,validated
ds00025,M3,3,1,100000,716.106263380073,0.05,0,0,0,0,coarse,27-factorial,1,20261008,0.28743267928261745,101601.30303128844,0.016013030312884365,0,396.45020682005907,73.30888454961631,1.4409695760688934,1.3669237867038018,-0.008643821733594348,-0.022545971064040216,0.10844410464447529,0.051054075855044845,399.90693104201506,74.99982851308019,1.2999929992239645,1.3005266028694034,1,1,193,43.7792527,True,1,1,True,0,187235.61145075544,0,0.9958985112685754,0.13765578640446005,0,0,43.7792527,0.1830065359477124,True,0,0,Tikhonov,validated
ds00025,M3,3,1,100000,716.106263380073,0.05,0,0,0,0,coarse,27-factorial,1,20261008,0.28743267928284943,101601.3030312888,0.016013030312888005,0,396.4502068199651,73.30888454961129,1.440969576069524,1.3669237867039028,-0.008643821733829382,-0.02254597106410705,0.10844410464496046,0.05105407585512256,399.90693104201506,74.99982851308019,1.2999929992239645,1.3005266028694034,1,1,2,7.1142959,True,1,1,True,0,187235.61145075544,0,0.9958985112686182,0.13765578640446305,0,0.0001154,7.1144113,0.1830065359477124,True,0,0,Tikhonov-lsqlin,validated
ds00025,M3,3,1,100000,716.106263380073,0.05,0,0,0,0,coarse,27-factorial,1,20261008,0.06555123603153483,99853.49989073907,-0.0014650010926093092,0,399.4717474322322,75.04831111203015,1.3129884594668553,1.2950766252563317,-0.001088212221400986,0.0006464361307374489,0.009996561712754204,-0.004190592949845917,399.90693104201506,74.99982851308019,1.2999929992239645,1.3005266028694034,1,1,41,6.6462514,True,1,1,True,0,nan,0,0.989680285163969,0.13722536346285005,0,0,6.6462514,0.1830065359477124,False,1,0,Lognormal-fit,validated
ds00025,M3,3,1,100000,716.106263380073,0.05,0,0,0,0,coarse,27-factorial,1,20261008,0.29188515571544926,100800.03130423432,0.008000313042343186,0,403.37622824909306,73.96092593108506,1.4078746883025501,1.3343451726591302,0.008675261511567722,-0.01385206609924372,0.08298636157501305,0.026003750876846032,399.90693104201506,74.99982851308019,1.2999929992239645,1.3005266028694034,1,1,65728,2396.4262784,True,1,0,False,0,2.3121728851715844,0,0.9986844128504252,0.13784818936925247,0,0,2396.4262784,0.1830065359477124,True,0,0,TGV2-ADMM,parameter selection not bracketed
ds00025,M3,3,1,100000,716.106263380073,0.05,0,0,0,0,coarse,27-factorial,1,20261008,0.3685671496330477,101250.15440978181,0.012501544097818115,0,406.0649261602958,72.99292344785798,1.4681364701829271,1.3764635917425518,0.015398570618006424,-0.02675879538674153,0.1293418280401022,0.05838941603009551,399.90693104201506,74.99982851308019,1.2999929992239645,1.3005266028694034,1,0,70500,745.3512546,False,1,0,False,0,0.009889007487945287,1,1.0004679751501016,0.1379712268157896,0,0,745.3512546,0.1830065359477124,True,0,0,TV-2D,iteration/stationarity not certified
ds00025,M3,3,1,100000,716.106263380073,0.05,0,0,0,0,coarse,27-factorial,1,20261008,0.37386266048650646,110732.9329601802,0.10732932960180203,0,352.3915764445567,66.6556271036769,1.7973350668759547,1.574525817467457,-0.11881603170430255,-0.11125627317865172,0.3825728815069622,0.21068328321275276,399.90693104201506,74.99982851308019,1.2999929992239645,1.3005266028694034,1,1,363,267.3859493,True,1,1,True,0,0.023839545524518183,0,0.9978083512932368,0.1377877148122206,0,0,267.3859493,0.1830065359477124,True,0,0,Maximum Entropy,validated
ds00025,M3,3,1,100000,716.106263380073,0.05,0,0,0,0,coarse,27-factorial,1,20261008,0.22979675125896448,101062.94532083596,0.010629453208359627,0,397.6309323080002,73.80253487022722,1.4112942388329426,1.3524467167709986,-0.005691321048336029,-0.015963951739491722,0.08561679922539556,0.03992237743314275,399.90693104201506,74.99982851308019,1.2999929992239645,1.3005266028694034,1,1,760,22.9794617,True,1,1,True,0,83125.93933307308,0,0.9871700228804244,0.13705122118196014,0,0,22.9794617,0.1830065359477124,True,0,0,Bayesian GP-MAP,validated
ds00025,M3,3,1,100000,716.106263380073,0.05,0,0,0,0,coarse,27-factorial,1,20261008,3.688551609673626,107933.99068726657,0.07933990687266575,0,351.4774334300431,67.47325850529914,1.7658736111545201,1.5621350277298798,-0.12110192110394769,-0.10035449623019321,0.3583716313923726,0.20115576588997053,399.90693104201506,74.99982851308019,1.2999929992239645,1.3005266028694034,1,1,1606,311.5030422,True,1,0,False,0,26.179257333017613,0,0.8639243926547361,0.1282108556022964,0,0,311.5030422,0.1830065359477124,True,0,0,Huber-TV,parameter selection not bracketed
ds00025,M3,3,1,100000,716.106263380073,0.05,0,0,0,0,coarse,27-factorial,1,20261008,0.7865938432200206,107603.4303935162,0.07603430393516203,0,262.01979568177194,66.88487482026358,2.5105888693135805,1.8079676580149786,-0.34479806339179553,-0.10819962996850507,0.931232607261951,0.3901812189200804,399.90693104201506,74.99982851308019,1.2999929992239645,1.3005266028694034,1,1,115,36.5382163,True,1,1,True,0,4.102620641407182,0,3.543029410907696,0.2596416192669762,0,0,36.5382163,0.1830065359477124,True,0,0,POCS-CDMA,validated
ds00026,M3,3,1,100000,716.106263380073,0.05,0.03,0,0,0,coarse,27-factorial,1,20261008,0.535745735518506,106532.59882630486,0.06532598826304864,0,370.6852474223106,67.99120220443876,1.7431655444430536,1.503522546542039,-0.07307121070285816,-0.09344856445130534,0.34090379370015267,0.156087498114039,399.90693104201506,74.99982851308019,1.2999929992239645,1.3005266028694034,1,1,166,11.6513114,True,1,1,True,0,1306.5034624938285,0,1.0653037634084979,0.14578088393352118,0,0,11.6513114,0.1830065359477124,True,0,0,POCS-PSS,validated
ds00026,M3,3,1,100000,716.106263380073,0.05,0.03,0,0,0,coarse,27-factorial,1,20261008,0.4712988561909598,106090.12465482252,0.06090124654822517,0,388.3262739821737,69.38762948238117,1.59007699583592,1.4793612217656573,-0.028958380465340494,-0.07482949150637364,0.22314273752637304,0.13750938927484002,399.90693104201506,74.99982851308019,1.2999929992239645,1.3005266028694034,1,1,30,0.6360248,True,1,1,True,0,30,0,0.999999999999996,0.14103174851927894,0,0,0.6360248,0.1830065359477124,True,0,0,Twomey-Markowski,validated
ds00026,M3,3,1,100000,716.106263380073,0.05,0.03,0,0,0,coarse,27-factorial,1,20261008,0.340625878953416,102055.38409770376,0.020553840977037618,0,396.82342192888814,72.83894311858782,1.4664926743061526,1.3737027583296904,-0.007710566818865616,-0.028811871138018752,0.12807736286393911,0.05626655794570867,399.90693104201506,74.99982851308019,1.2999929992239645,1.3005266028694034,1,1,195,46.9308283,True,1,1,True,0,369128.9298175078,0,1.0066573439555584,0.14170060774657142,0,0,46.9308283,0.1830065359477124,True,0,0,Tikhonov,validated
ds00026,M3,3,1,100000,716.106263380073,0.05,0.03,0,0,0,coarse,27-factorial,1,20261008,0.3406258789534132,102055.38409770382,0.020553840977038197,0,396.82342192888814,72.838943118588,1.4664926743061253,1.3737027583296753,-0.007710566818865616,-0.0288118711380162,0.12807736286391802,0.05626655794569713,399.90693104201506,74.99982851308019,1.2999929992239645,1.3005266028694034,1,1,2,8.2007789,True,1,1,True,0,369128.9298175078,0,1.0066573439555588,0.14170060774657142,0,8.99e-05,8.2008688,0.1830065359477124,True,0,0,Tikhonov-lsqlin,validated
ds00026,M3,3,1,100000,716.106263380073,0.05,0.03,0,0,0,coarse,27-factorial,1,20261008,0.052827517882195286,99684.26763422624,-0.0031573236577375793,0,400.3417582240374,75.04935158649543,1.3114513634070464,1.2971079049442995,0.0010873209446240484,0.0006603091553283313,0.008814173760875565,-0.002628702802050409,399.90693104201506,74.99982851308019,1.2999929992239645,1.3005266028694034,1,1,43,7.2865795,True,1,1,True,0,nan,0,0.9816239102891283,0.13995033238798282,0,0,7.2865795,0.1830065359477124,False,1,0,Lognormal-fit,validated
ds00026,M3,3,1,100000,716.106263380073,0.05,0.03,0,0,0,coarse,27-factorial,1,20261008,0.2663718326724372,100534.77978734465,0.005347797873446543,0,403.70486979108966,73.98805582772786,1.3922246842068737,1.3349264840284192,0.009497056575584972,-0.013490333316907077,0.07094783205599353,0.026450732405717714,399.90693104201506,74.99982851308019,1.2999929992239645,1.3005266028694034,1,1,60713,2197.1787086,True,1,0,False,0,1.853698412657587,0,0.9864338033714868,0.14021332378927473,0,0,2197.1787086,0.1830065359477124,True,0,0,TGV2-ADMM,parameter selection not bracketed
ds00026,M3,3,1,100000,716.106263380073,0.05,0.03,0,0,0,coarse,27-factorial,1,20261008,0.33711834471139185,100771.51295618652,0.007715129561865179,0,406.32710142000417,73.26795222924207,1.44118591517881,1.3704838563665593,0.01605416130513282,-0.02309173658358532,0.10861052024059448,0.053791482114096345,399.90693104201506,74.99982851308019,1.2999929992239645,1.3005266028694034,1,0,73000,620.3431801,False,1,0,False,0,0.007928143090304781,0,0.9860158199400249,0.1402268160816097,0,0,620.3431801,0.1830065359477124,True,0,0,TV-2D,iteration/stationarity not certified
ds00026,M3,3,1,100000,716.106263380073,0.05,0.03,0,0,0,coarse,27-factorial,1,20261008,0.36720434441663125,109927.44022129988,0.09927440221299882,0,355.5170364350391,66.85629358736124,1.774465833973774,1.5646514083875176,-0.11100056328434149,-0.10858071394521518,0.3649810691542552,0.20309065953388816,399.90693104201506,74.99982851308019,1.2999929992239645,1.3005266028694034,1,1,245,146.5068468,True,1,1,True,0,0.020648108802952918,0,0.9820358034854251,0.13971927105166998,0,0,146.5068468,0.1830065359477124,True,0,0,Maximum Entropy,validated
ds00026,M3,3,1,100000,716.106263380073,0.05,0.03,0,0,0,coarse,27-factorial,1,20261008,0.22233944038630088,100851.03754227306,0.008510375422730577,0,399.14544694426854,73.8420886111782,1.3997659933447213,1.3525020869792717,-0.0019041532882722034,-0.015436567320951666,0.07674887032492994,0.03996495265471145,399.90693104201506,74.99982851308019,1.2999929992239645,1.3005266028694034,1,1,700,22.9588867,True,1,1,True,0,75029.21301373998,0,0.9795845233371302,0.13975707771503948,0,0,22.9588867,0.1830065359477124,True,0,0,Bayesian GP-MAP,validated
ds00026,M3,3,1,100000,716.106263380073,0.05,0.03,0,0,0,coarse,27-factorial,1,20261008,3.9028399153028617,108584.66215377016,0.08584662153770158,0,347.21348811055304,66.77453584528516,1.809906215042753,1.5774503569353229,-0.13176426523581786,-0.10967081966541448,0.39224304755732,0.21293201804171602,399.90693104201506,74.99982851308019,1.2999929992239645,1.3005266028694034,1,1,1645,323.1339105,True,1,0,False,0,21.271729284481964,0,0.863057991512927,0.1307815265839423,0,0,323.1339105,0.1830065359477124,True,0,0,Huber-TV,parameter selection not bracketed
ds00026,M3,3,1,100000,716.106263380073,0.05,0.03,0,0,0,coarse,27-factorial,1,20261008,0.7893029825275958,105068.96044329573,0.05068960443295727,0,262.2718310230541,66.43614919951278,2.496073908926734,1.8058700287910614,-0.34416782840030524,-0.11418265192531574,0.9200671929900963,0.3885683113338081,399.90693104201506,74.99982851308019,1.2999929992239645,1.3005266028694034,1,1,113,35.035151,True,1,1,True,0,4.102620641407182,0,3.5362396322353447,0.27070072637372034,0,0,35.035151,0.1830065359477124,True,0,0,POCS-CDMA,validated
ds00027,M3,3,1,100000,716.106263380073,0.05,0.05,0,0,0,coarse,27-factorial,1,20261008,0.5414197625045557,106090.81223638594,0.06090812236385944,0,370.15746072751466,67.68693212765925,1.7498537805112828,1.50826511188176,-0.07439098451478166,-0.09750550808453584,0.3460486183816869,0.15973414811662834,399.90693104201506,74.99982851308019,1.2999929992239645,1.3005266028694034,1,1,167,11.5422549,True,1,1,True,0,1306.5034624938285,0,1.0664345427583122,0.15212042954228103,0,0,11.5422549,0.1830065359477124,True,0,0,POCS-PSS,validated
ds00027,M3,3,1,100000,716.106263380073,0.05,0.05,0,0,0,coarse,27-factorial,1,20261008,0.4810500774027855,106013.3063605349,0.060133063605349014,0,389.84355976967674,69.11414947267093,1.5845259934361058,1.482784814507841,-0.02516428321488895,-0.07847589997332827,0.21887271268537156,0.14014185579619376,399.90693104201506,74.99982851308019,1.2999929992239645,1.3005266028694034,1,1,27,0.5758964,True,1,1,True,0,27,0,0.9999999999999993,0.14640540943679603,0,0,0.5758964,0.1830065359477124,True,0,0,Twomey-Markowski,validated
ds00027,M3,3,1,100000,716.106263380073,0.05,0.05,0,0,0,coarse,27-factorial,1,20261008,0.3553592886543223,101948.07048127743,0.019480704812774346,0,396.6083205907975,72.57388489568544,1.4765414473824405,1.3790975965525742,-0.008248445313569719,-0.03234598885744999,0.13580722993421301,0.06041475315446565,399.90693104201506,74.99982851308019,1.2999929992239645,1.3005266028694034,1,1,187,44.9353377,True,1,1,True,0,433634.25036367757,0,1.0062376569851244,0.14747776999782874,0,0,44.9353377,0.1830065359477124,True,0,0,Tikhonov,validated
ds00027,M3,3,1,100000,716.106263380073,0.05,0.05,0,0,0,coarse,27-factorial,1,20261008,0.35535928865430727,101948.07048127717,0.019480704812771726,0,396.6083205908017,72.57388489568582,1.4765414473823326,1.3790975965525973,-0.008248445313559172,-0.032345988857444885,0.13580722993412997,0.060414753154483414,399.90693104201506,74.99982851308019,1.2999929992239645,1.3005266028694034,1,1,2,8.353193899999999,True,1,1,True,0,433634.25036367757,0,1.0062376569851212,0.14747776999782838,0,0.0001297,8.3533236,0.1830065359477124,True,0,0,Tikhonov-lsqlin,validated
ds00027,M3,3,1,100000,716.106263380073,0.05,0.05,0,0,0,coarse,27-factorial,1,20261008,0.0464132455445539,99365.29130199466,-0.006347086980053427,0,400.8573102080645,75.07273812604029,1.3101687276084708,1.2982513002727956,0.002376500861270614,0.0009721303955700922,0.007827525525584189,-0.0017495240709323179,399.90693104201506,74.99982851308019,1.2999929992239645,1.3005266028694034,1,1,42,6.8120481,True,1,1,True,0,nan,0,0.9744988054294502,0.14505273009882108,0,0,6.8120481,0.1830065359477124,False,1,0,Lognormal-fit,validated
ds00027,M3,3,1,100000,716.106263380073,0.05,0.05,0,0,0,coarse,27-factorial,1,20261008,0.23938540171821604,100058.2429399619,0.0005824293996189954,0,403.7122574209452,74.07463032891599,1.3758828629854931,1.3339088889508945,0.009515529948467716,-0.012336003995033762,0.0583771326513538,0.025668283915022183,399.90693104201506,74.99982851308019,1.2999929992239645,1.3005266028694034,1,1,60060,1585.9968341,True,1,0,False,0,1.4034198846983628,0,0.9756464985995185,0.14497200120303405,0,0,1585.9968341,0.1830065359477124,True,0,0,TGV2-ADMM,parameter selection not bracketed
ds00027,M3,3,1,100000,716.106263380073,0.05,0.05,0,0,0,coarse,27-factorial,1,20261008,0.30815012718473606,100208.5794837056,0.002085794837056019,0,406.98884220923327,73.50259869217913,1.4109682297855712,1.3637650401177837,0.017708898289822805,-0.019963109924177158,0.08536602168461971,0.04862525465365719,399.90693104201506,74.99982851308019,1.2999929992239645,1.3005266028694034,1,0,73000,426.378958,False,1,0,False,0,0.00600233219475866,0,0.9728005340453348,0.1448691481255944,0,0,426.378958,0.1830065359477124,True,0,0,TV-2D,iteration/stationarity not certified
ds00027,M3,3,1,100000,716.106263380073,0.05,0.05,0,0,0,coarse,27-factorial,1,20261008,0.3672597198269243,110489.25472204344,0.10489254722043435,0,352.85695457882593,66.20445992825042,1.8004990196296724,1.580397930102065,-0.11765231560401723,-0.11727184927223977,0.3850067044241674,0.21519846392620523,399.90693104201506,74.99982851308019,1.2999929992239645,1.3005266028694034,1,1,351,113.8469116,True,1,1,True,0,0.024479443840302668,0,0.9963095459992511,0.14616575167124748,0,0,113.8469116,0.1830065359477124,True,0,0,Maximum Entropy,validated
ds00027,M3,3,1,100000,716.106263380073,0.05,0.05,0,0,0,coarse,27-factorial,1,20261008,0.21496578598083332,100465.62701737406,0.004656270173740632,0,400.01109505188487,73.89467602648045,1.3910718973497895,1.352152328066386,0.00026047062899947626,-0.014735400180375002,0.07006106815974777,0.03969601627762076,399.90693104201506,74.99982851308019,1.2999929992239645,1.3005266028694034,1,1,580,12.8354997,True,1,1,True,0,65852.18145636143,0,0.9726991594190555,0.1448299081432888,0,0,12.8354997,0.1830065359477124,True,0,0,Bayesian GP-MAP,validated
ds00027,M3,3,1,100000,716.106263380073,0.05,0.05,0,0,0,coarse,27-factorial,1,20261008,3.8661926779930726,107921.5115381221,0.07921511538122096,0,348.8375290193269,67.00667439641154,1.8103104126369751,1.575868666350107,-0.12770321807031326,-0.10657563190660657,0.39255397045803053,0.21171582563032953,399.90693104201506,74.99982851308019,1.2999929992239645,1.3005266028694034,1,1,1680,164.4240579,True,1,0,False,0,17.590645587426664,0,0.8636040451105333,0.13552873330009566,0,0,164.4240579,0.1830065359477124,True,0,0,Huber-TV,parameter selection not bracketed
ds00027,M3,3,1,100000,716.106263380073,0.05,0.05,0,0,0,coarse,27-factorial,1,20261008,0.7939584864050786,101069.6961867947,0.010696961867946957,0,260.7356820730866,66.33203591481642,2.4964995622247894,1.804541391151922,-0.3480090945318146,-0.11557083222866416,0.9203946203672511,0.38754669621558735,399.90693104201506,74.99982851308019,1.2999929992239645,1.3005266028694034,1,1,115,23.0058117,True,1,1,True,0,4.102620641407182,0,3.506720197437104,0.2898706302272305,0,0,23.0058117,0.1830065359477124,True,0,0,POCS-CDMA,validated
